[{"model": "admin.logentry", "pk": 63, "fields": {"action_time": "2024-12-14T18:43:26.169Z", "user": 4, "content_type": 11, "object_id": "32", "object_repr": "Taller A Sin asignar", "action_flag": 3, "change_message": ""}}, {"model": "admin.logentry", "pk": 64, "fields": {"action_time": "2024-12-14T18:43:26.174Z", "user": 4, "content_type": 11, "object_id": "27", "object_repr": "Taller AA Sin asignar", "action_flag": 3, "change_message": ""}}, {"model": "admin.logentry", "pk": 65, "fields": {"action_time": "2024-12-14T18:43:26.180Z", "user": 4, "content_type": 11, "object_id": "33", "object_repr": "Taller B Sin asignar", "action_flag": 3, "change_message": ""}}, {"model": "admin.logentry", "pk": 66, "fields": {"action_time": "2024-12-14T18:43:26.185Z", "user": 4, "content_type": 11, "object_id": "28", "object_repr": "Taller BB Sin asignar", "action_flag": 3, "change_message": ""}}, {"model": "admin.logentry", "pk": 67, "fields": {"action_time": "2024-12-14T18:43:26.190Z", "user": 4, "content_type": 11, "object_id": "34", "object_repr": "Taller C Sin asignar", "action_flag": 3, "change_message": ""}}, {"model": "admin.logentry", "pk": 68, "fields": {"action_time": "2024-12-14T18:43:26.195Z", "user": 4, "content_type": 11, "object_id": "29", "object_repr": "Taller CC Sin asignar", "action_flag": 3, "change_message": ""}}, {"model": "admin.logentry", "pk": 69, "fields": {"action_time": "2024-12-14T18:43:26.199Z", "user": 4, "content_type": 11, "object_id": "35", "object_repr": "Taller D Sin asignar", "action_flag": 3, "change_message": ""}}, {"model": "admin.logentry", "pk": 70, "fields": {"action_time": "2024-12-14T18:43:26.205Z", "user": 4, "content_type": 11, "object_id": "30", "object_repr": "Taller DD Sin asignar", "action_flag": 3, "change_message": ""}}, {"model": "admin.logentry", "pk": 71, "fields": {"action_time": "2024-12-14T18:43:26.210Z", "user": 4, "content_type": 11, "object_id": "58", "object_repr": "Taller E Sin asignar", "action_flag": 3, "change_message": ""}}, {"model": "admin.logentry", "pk": 72, "fields": {"action_time": "2024-12-14T18:43:26.214Z", "user": 4, "content_type": 11, "object_id": "31", "object_repr": "Taller EE Sin asignar", "action_flag": 3, "change_message": ""}}, {"model": "admin.logentry", "pk": 73, "fields": {"action_time": "2024-12-14T18:43:26.219Z", "user": 4, "content_type": 11, "object_id": "36", "object_repr": "Taller F Sin asignar", "action_flag": 3, "change_message": ""}}, {"model": "admin.logentry", "pk": 74, "fields": {"action_time": "2024-12-14T18:43:26.224Z", "user": 4, "content_type": 11, "object_id": "37", "object_repr": "Taller G Sin asignar", "action_flag": 3, "change_message": ""}}, {"model": "admin.logentry", "pk": 75, "fields": {"action_time": "2024-12-14T18:43:26.229Z", "user": 4, "content_type": 11, "object_id": "38", "object_repr": "Taller H Sin asignar", "action_flag": 3, "change_message": ""}}, {"model": "admin.logentry", "pk": 76, "fields": {"action_time": "2024-12-14T18:43:26.234Z", "user": 4, "content_type": 11, "object_id": "52", "object_repr": "Taller I Sin asignar", "action_flag": 3, "change_message": ""}}, {"model": "admin.logentry", "pk": 77, "fields": {"action_time": "2024-12-14T18:43:26.239Z", "user": 4, "content_type": 11, "object_id": "53", "object_repr": "Taller J Sin asignar", "action_flag": 3, "change_message": ""}}, {"model": "admin.logentry", "pk": 78, "fields": {"action_time": "2024-12-14T18:43:26.244Z", "user": 4, "content_type": 11, "object_id": "54", "object_repr": "Taller K Sin asignar", "action_flag": 3, "change_message": ""}}, {"model": "admin.logentry", "pk": 79, "fields": {"action_time": "2024-12-14T18:43:26.249Z", "user": 4, "content_type": 11, "object_id": "55", "object_repr": "Taller L Sin asignar", "action_flag": 3, "change_message": ""}}, {"model": "admin.logentry", "pk": 80, "fields": {"action_time": "2024-12-14T18:43:26.253Z", "user": 4, "content_type": 11, "object_id": "56", "object_repr": "Taller M Sin asignar", "action_flag": 3, "change_message": ""}}, {"model": "admin.logentry", "pk": 81, "fields": {"action_time": "2024-12-14T18:43:26.258Z", "user": 4, "content_type": 11, "object_id": "57", "object_repr": "Taller N Sin asignar", "action_flag": 3, "change_message": ""}}, {"model": "admin.logentry", "pk": 82, "fields": {"action_time": "2024-12-14T18:43:26.264Z", "user": 4, "content_type": 11, "object_id": "45", "object_repr": "Taller O Sin asignar", "action_flag": 3, "change_message": ""}}, {"model": "admin.logentry", "pk": 83, "fields": {"action_time": "2024-12-14T18:43:26.268Z", "user": 4, "content_type": 11, "object_id": "46", "object_repr": "Taller P Sin asignar", "action_flag": 3, "change_message": ""}}, {"model": "admin.logentry", "pk": 84, "fields": {"action_time": "2024-12-14T18:43:26.273Z", "user": 4, "content_type": 11, "object_id": "47", "object_repr": "Taller R Sin asignar", "action_flag": 3, "change_message": ""}}, {"model": "admin.logentry", "pk": 85, "fields": {"action_time": "2024-12-14T18:43:26.278Z", "user": 4, "content_type": 11, "object_id": "48", "object_repr": "Taller T Sin asignar", "action_flag": 3, "change_message": ""}}, {"model": "admin.logentry", "pk": 86, "fields": {"action_time": "2024-12-14T18:43:26.283Z", "user": 4, "content_type": 11, "object_id": "49", "object_repr": "Taller U Sin asignar", "action_flag": 3, "change_message": ""}}, {"model": "admin.logentry", "pk": 87, "fields": {"action_time": "2024-12-14T18:43:26.287Z", "user": 4, "content_type": 11, "object_id": "50", "object_repr": "Taller W Sin asignar", "action_flag": 3, "change_message": ""}}, {"model": "admin.logentry", "pk": 88, "fields": {"action_time": "2024-12-14T18:43:26.292Z", "user": 4, "content_type": 11, "object_id": "51", "object_repr": "Taller Z Sin asignar", "action_flag": 3, "change_message": ""}}, {"model": "admin.logentry", "pk": 89, "fields": {"action_time": "2024-12-14T18:51:09.367Z", "user": 4, "content_type": 11, "object_id": "59", "object_repr": "Taller AA Sin asignar", "action_flag": 3, "change_message": ""}}, {"model": "admin.logentry", "pk": 90, "fields": {"action_time": "2024-12-14T18:59:17.473Z", "user": 4, "content_type": 11, "object_id": "60", "object_repr": "Taller AA Sin asignar", "action_flag": 3, "change_message": ""}}, {"model": "admin.logentry", "pk": 91, "fields": {"action_time": "2024-12-14T18:59:17.479Z", "user": 4, "content_type": 11, "object_id": "61", "object_repr": "Taller Prueba Sin asignar", "action_flag": 3, "change_message": ""}}, {"model": "admin.logentry", "pk": 92, "fields": {"action_time": "2024-12-14T18:59:17.484Z", "user": 4, "content_type": 11, "object_id": "62", "object_repr": "Taller Prueba 2 Sin asignar", "action_flag": 3, "change_message": ""}}, {"model": "admin.logentry", "pk": 93, "fields": {"action_time": "2024-12-14T18:59:17.489Z", "user": 4, "content_type": 11, "object_id": "63", "object_repr": "Taller Prueba 3 Sin asignar", "action_flag": 3, "change_message": ""}}, {"model": "admin.logentry", "pk": 94, "fields": {"action_time": "2024-12-14T19:16:29.553Z", "user": 4, "content_type": 11, "object_id": "77", "object_repr": "Taller AAA Sin asignar", "action_flag": 3, "change_message": ""}}, {"model": "admin.logentry", "pk": 95, "fields": {"action_time": "2024-12-14T19:16:29.559Z", "user": 4, "content_type": 11, "object_id": "75", "object_repr": "Taller G Sin asignar", "action_flag": 3, "change_message": ""}}, {"model": "admin.logentry", "pk": 96, "fields": {"action_time": "2024-12-14T19:16:29.563Z", "user": 4, "content_type": 11, "object_id": "76", "object_repr": "Taller H Sin asignar", "action_flag": 3, "change_message": ""}}, {"model": "admin.logentry", "pk": 107, "fields": {"action_time": "2024-12-21T22:40:27.206Z", "user": 4, "content_type": 4, "object_id": "8", "object_repr": "CesarHerrera4142", "action_flag": 3, "change_message": ""}}, {"model": "admin.logentry", "pk": 108, "fields": {"action_time": "2024-12-21T22:40:33.231Z", "user": 4, "content_type": 4, "object_id": "7", "object_repr": "CesarHerrera232", "action_flag": 3, "change_message": ""}}, {"model": "admin.logentry", "pk": 109, "fields": {"action_time": "2024-12-21T22:40:38.235Z", "user": 4, "content_type": 4, "object_id": "3", "object_repr": "CesarHerrera32", "action_flag": 3, "change_message": ""}}, {"model": "admin.logentry", "pk": 110, "fields": {"action_time": "2024-12-21T22:40:45.000Z", "user": 4, "content_type": 4, "object_id": "5", "object_repr": "Prueba2", "action_flag": 3, "change_message": ""}}, {"model": "admin.logentry", "pk": 111, "fields": {"action_time": "2024-12-21T22:40:50.513Z", "user": 4, "content_type": 4, "object_id": "6", "object_repr": "diosmio", "action_flag": 3, "change_message": ""}}, {"model": "admin.logentry", "pk": 112, "fields": {"action_time": "2024-12-21T22:40:59.464Z", "user": 4, "content_type": 4, "object_id": "2", "object_repr": "gregorio", "action_flag": 3, "change_message": ""}}, {"model": "admin.logentry", "pk": 113, "fields": {"action_time": "2024-12-21T22:41:06.363Z", "user": 4, "content_type": 4, "object_id": "1", "object_repr": "adrianafontan", "action_flag": 3, "change_message": ""}}, {"model": "admin.logentry", "pk": 114, "fields": {"action_time": "2024-12-23T21:35:06.045Z", "user": 4, "content_type": 7, "object_id": "3", "object_repr": "Jacobo Restrepo (ID: 3) (Grado: 6)", "action_flag": 2, "change_message": "[{\"changed\": {\"fields\": [\"Status\"]}}]"}}, {"model": "admin.logentry", "pk": 115, "fields": {"action_time": "2024-12-23T21:35:10.619Z", "user": 4, "content_type": 7, "object_id": "1", "object_repr": "Pedro Saldarriaga (ID: 1) (Grado: 11)", "action_flag": 2, "change_message": "[{\"changed\": {\"fields\": [\"Status\"]}}]"}}, {"model": "admin.logentry", "pk": 116, "fields": {"action_time": "2024-12-23T21:35:13.964Z", "user": 4, "content_type": 7, "object_id": "7", "object_repr": "Valentina Perez (ID: 7) (Grado: 1)", "action_flag": 2, "change_message": "[{\"changed\": {\"fields\": [\"Status\"]}}]"}}, {"model": "admin.logentry", "pk": 117, "fields": {"action_time": "2024-12-23T21:35:18.319Z", "user": 4, "content_type": 7, "object_id": "6", "object_repr": "Victor Hugo Hurtado (ID: 6) (Grado: 1)", "action_flag": 2, "change_message": "[]"}}, {"model": "admin.logentry", "pk": 118, "fields": {"action_time": "2024-12-23T21:35:19.790Z", "user": 4, "content_type": 7, "object_id": "7", "object_repr": "Valentina Perez (ID: 7) (Grado: 1)", "action_flag": 2, "change_message": "[]"}}, {"model": "admin.logentry", "pk": 119, "fields": {"action_time": "2024-12-23T21:35:23.698Z", "user": 4, "content_type": 7, "object_id": "4", "object_repr": "Isabela Giraldo (ID: 4) (Grado: 1)", "action_flag": 2, "change_message": "[]"}}, {"model": "admin.logentry", "pk": 120, "fields": {"action_time": "2024-12-24T21:53:51.844Z", "user": 4, "content_type": 11, "object_id": "93", "object_repr": "Descanso Sin asignar", "action_flag": 3, "change_message": ""}}, {"model": "admin.logentry", "pk": 121, "fields": {"action_time": "2025-01-09T00:16:15.211Z", "user": 12, "content_type": 11, "object_id": "80", "object_repr": "Taller G Tutor: johnduque", "action_flag": 2, "change_message": "[{\"changed\": {\"fields\": [\"Tutor\"]}}]"}}, {"model": "admin.logentry", "pk": 122, "fields": {"action_time": "2025-01-11T21:08:52.941Z", "user": 12, "content_type": 7, "object_id": "10", "object_repr": "Alejandro Rios (ID: 10) (Grado: 5)", "action_flag": 2, "change_message": "[{\"changed\": {\"fields\": [\"Workshop\"]}}]"}}, {"model": "auth.permission", "pk": 1, "fields": {"name": "Can add log entry", "content_type": 1, "codename": "add_logentry"}}, {"model": "auth.permission", "pk": 2, "fields": {"name": "Can change log entry", "content_type": 1, "codename": "change_logentry"}}, {"model": "auth.permission", "pk": 3, "fields": {"name": "Can delete log entry", "content_type": 1, "codename": "delete_logentry"}}, {"model": "auth.permission", "pk": 4, "fields": {"name": "Can view log entry", "content_type": 1, "codename": "view_logentry"}}, {"model": "auth.permission", "pk": 5, "fields": {"name": "Can add permission", "content_type": 2, "codename": "add_permission"}}, {"model": "auth.permission", "pk": 6, "fields": {"name": "Can change permission", "content_type": 2, "codename": "change_permission"}}, {"model": "auth.permission", "pk": 7, "fields": {"name": "Can delete permission", "content_type": 2, "codename": "delete_permission"}}, {"model": "auth.permission", "pk": 8, "fields": {"name": "Can view permission", "content_type": 2, "codename": "view_permission"}}, {"model": "auth.permission", "pk": 9, "fields": {"name": "Can add group", "content_type": 3, "codename": "add_group"}}, {"model": "auth.permission", "pk": 10, "fields": {"name": "Can change group", "content_type": 3, "codename": "change_group"}}, {"model": "auth.permission", "pk": 11, "fields": {"name": "Can delete group", "content_type": 3, "codename": "delete_group"}}, {"model": "auth.permission", "pk": 12, "fields": {"name": "Can view group", "content_type": 3, "codename": "view_group"}}, {"model": "auth.permission", "pk": 13, "fields": {"name": "Can add user", "content_type": 4, "codename": "add_user"}}, {"model": "auth.permission", "pk": 14, "fields": {"name": "Can change user", "content_type": 4, "codename": "change_user"}}, {"model": "auth.permission", "pk": 15, "fields": {"name": "Can delete user", "content_type": 4, "codename": "delete_user"}}, {"model": "auth.permission", "pk": 16, "fields": {"name": "Can view user", "content_type": 4, "codename": "view_user"}}, {"model": "auth.permission", "pk": 17, "fields": {"name": "Can add content type", "content_type": 5, "codename": "add_contenttype"}}, {"model": "auth.permission", "pk": 18, "fields": {"name": "Can change content type", "content_type": 5, "codename": "change_contenttype"}}, {"model": "auth.permission", "pk": 19, "fields": {"name": "Can delete content type", "content_type": 5, "codename": "delete_contenttype"}}, {"model": "auth.permission", "pk": 20, "fields": {"name": "Can view content type", "content_type": 5, "codename": "view_contenttype"}}, {"model": "auth.permission", "pk": 21, "fields": {"name": "Can add session", "content_type": 6, "codename": "add_session"}}, {"model": "auth.permission", "pk": 22, "fields": {"name": "Can change session", "content_type": 6, "codename": "change_session"}}, {"model": "auth.permission", "pk": 23, "fields": {"name": "Can delete session", "content_type": 6, "codename": "delete_session"}}, {"model": "auth.permission", "pk": 24, "fields": {"name": "Can view session", "content_type": 6, "codename": "view_session"}}, {"model": "auth.permission", "pk": 25, "fields": {"name": "Can add student", "content_type": 7, "codename": "add_student"}}, {"model": "auth.permission", "pk": 26, "fields": {"name": "Can change student", "content_type": 7, "codename": "change_student"}}, {"model": "auth.permission", "pk": 27, "fields": {"name": "Can delete student", "content_type": 7, "codename": "delete_student"}}, {"model": "auth.permission", "pk": 28, "fields": {"name": "Can view student", "content_type": 7, "codename": "view_student"}}, {"model": "auth.permission", "pk": 29, "fields": {"name": "Can add tutor", "content_type": 8, "codename": "add_tutor"}}, {"model": "auth.permission", "pk": 30, "fields": {"name": "Can change tutor", "content_type": 8, "codename": "change_tutor"}}, {"model": "auth.permission", "pk": 31, "fields": {"name": "Can delete tutor", "content_type": 8, "codename": "delete_tutor"}}, {"model": "auth.permission", "pk": 32, "fields": {"name": "Can view tutor", "content_type": 8, "codename": "view_tutor"}}, {"model": "auth.permission", "pk": 33, "fields": {"name": "Can add schedule tutor", "content_type": 9, "codename": "add_scheduletutor"}}, {"model": "auth.permission", "pk": 34, "fields": {"name": "Can change schedule tutor", "content_type": 9, "codename": "change_scheduletutor"}}, {"model": "auth.permission", "pk": 35, "fields": {"name": "Can delete schedule tutor", "content_type": 9, "codename": "delete_scheduletutor"}}, {"model": "auth.permission", "pk": 36, "fields": {"name": "Can view schedule tutor", "content_type": 9, "codename": "view_scheduletutor"}}, {"model": "auth.permission", "pk": 37, "fields": {"name": "Can add block", "content_type": 10, "codename": "add_block"}}, {"model": "auth.permission", "pk": 38, "fields": {"name": "Can change block", "content_type": 10, "codename": "change_block"}}, {"model": "auth.permission", "pk": 39, "fields": {"name": "Can delete block", "content_type": 10, "codename": "delete_block"}}, {"model": "auth.permission", "pk": 40, "fields": {"name": "Can view block", "content_type": 10, "codename": "view_block"}}, {"model": "auth.permission", "pk": 41, "fields": {"name": "Can add workshop", "content_type": 11, "codename": "add_workshop"}}, {"model": "auth.permission", "pk": 42, "fields": {"name": "Can change workshop", "content_type": 11, "codename": "change_workshop"}}, {"model": "auth.permission", "pk": 43, "fields": {"name": "Can delete workshop", "content_type": 11, "codename": "delete_workshop"}}, {"model": "auth.permission", "pk": 44, "fields": {"name": "Can view workshop", "content_type": 11, "codename": "view_workshop"}}, {"model": "auth.permission", "pk": 45, "fields": {"name": "Can add schedule", "content_type": 12, "codename": "add_schedule"}}, {"model": "auth.permission", "pk": 46, "fields": {"name": "Can change schedule", "content_type": 12, "codename": "change_schedule"}}, {"model": "auth.permission", "pk": 47, "fields": {"name": "Can delete schedule", "content_type": 12, "codename": "delete_schedule"}}, {"model": "auth.permission", "pk": 48, "fields": {"name": "Can view schedule", "content_type": 12, "codename": "view_schedule"}}, {"model": "auth.permission", "pk": 49, "fields": {"name": "Can add crontab", "content_type": 13, "codename": "add_crontabschedule"}}, {"model": "auth.permission", "pk": 50, "fields": {"name": "Can change crontab", "content_type": 13, "codename": "change_crontabschedule"}}, {"model": "auth.permission", "pk": 51, "fields": {"name": "Can delete crontab", "content_type": 13, "codename": "delete_crontabschedule"}}, {"model": "auth.permission", "pk": 52, "fields": {"name": "Can view crontab", "content_type": 13, "codename": "view_crontabschedule"}}, {"model": "auth.permission", "pk": 53, "fields": {"name": "Can add interval", "content_type": 14, "codename": "add_intervalschedule"}}, {"model": "auth.permission", "pk": 54, "fields": {"name": "Can change interval", "content_type": 14, "codename": "change_intervalschedule"}}, {"model": "auth.permission", "pk": 55, "fields": {"name": "Can delete interval", "content_type": 14, "codename": "delete_intervalschedule"}}, {"model": "auth.permission", "pk": 56, "fields": {"name": "Can view interval", "content_type": 14, "codename": "view_intervalschedule"}}, {"model": "auth.permission", "pk": 57, "fields": {"name": "Can add periodic task", "content_type": 15, "codename": "add_periodictask"}}, {"model": "auth.permission", "pk": 58, "fields": {"name": "Can change periodic task", "content_type": 15, "codename": "change_periodictask"}}, {"model": "auth.permission", "pk": 59, "fields": {"name": "Can delete periodic task", "content_type": 15, "codename": "delete_periodictask"}}, {"model": "auth.permission", "pk": 60, "fields": {"name": "Can view periodic task", "content_type": 15, "codename": "view_periodictask"}}, {"model": "auth.permission", "pk": 61, "fields": {"name": "Can add periodic task track", "content_type": 16, "codename": "add_periodictasks"}}, {"model": "auth.permission", "pk": 62, "fields": {"name": "Can change periodic task track", "content_type": 16, "codename": "change_periodictasks"}}, {"model": "auth.permission", "pk": 63, "fields": {"name": "Can delete periodic task track", "content_type": 16, "codename": "delete_periodictasks"}}, {"model": "auth.permission", "pk": 64, "fields": {"name": "Can view periodic task track", "content_type": 16, "codename": "view_periodictasks"}}, {"model": "auth.permission", "pk": 65, "fields": {"name": "Can add solar event", "content_type": 17, "codename": "add_solarschedule"}}, {"model": "auth.permission", "pk": 66, "fields": {"name": "Can change solar event", "content_type": 17, "codename": "change_solarschedule"}}, {"model": "auth.permission", "pk": 67, "fields": {"name": "Can delete solar event", "content_type": 17, "codename": "delete_solarschedule"}}, {"model": "auth.permission", "pk": 68, "fields": {"name": "Can view solar event", "content_type": 17, "codename": "view_solarschedule"}}, {"model": "auth.permission", "pk": 69, "fields": {"name": "Can add clocked", "content_type": 18, "codename": "add_clockedschedule"}}, {"model": "auth.permission", "pk": 70, "fields": {"name": "Can change clocked", "content_type": 18, "codename": "change_clockedschedule"}}, {"model": "auth.permission", "pk": 71, "fields": {"name": "Can delete clocked", "content_type": 18, "codename": "delete_clockedschedule"}}, {"model": "auth.permission", "pk": 72, "fields": {"name": "Can view clocked", "content_type": 18, "codename": "view_clockedschedule"}}, {"model": "auth.user", "pk": 4, "fields": {"password": "pbkdf2_sha256$720000$RMRyQRwgsXrLjnDpWLzIrU$8tpqqwvLQxZOhAA9GN5/YF8ff/xhMuF491I/n8d+2cY=", "last_login": "2024-12-24T21:55:57.783Z", "is_superuser": true, "username": "saldaf", "first_name": "", "last_name": "", "email": "pedrosaldafo@gmail.com", "is_staff": true, "is_active": true, "date_joined": "2024-12-14T18:42:35.468Z", "groups": [], "user_permissions": []}}, {"model": "auth.user", "pk": 9, "fields": {"password": "pbkdf2_sha256$720000$hZCvHZFX6LXtYvUZ9GdHdn$vgSqztwsJidcOnLmPnGfZ0vJt5lzVhpTAI2jTblqEQ0=", "last_login": "2024-12-23T21:33:59.784Z", "is_superuser": false, "username": "PatriRendon", "first_name": "Patricia", "last_name": "Rendon", "email": "patrirendon@colegiofontan.edu.co", "is_staff": true, "is_active": true, "date_joined": "2024-12-21T22:14:13.111Z", "groups": [], "user_permissions": []}}, {"model": "auth.user", "pk": 10, "fields": {"password": "pbkdf2_sha256$720000$n58YOFvSCzvB3um464sQ5D$nvB0pry0ES2nvskSEJS6XsF1AmGtO5nflSXLOCzJC7k=", "last_login": "2024-12-21T22:29:31.820Z", "is_superuser": false, "username": "Luisilla", "first_name": "Luisa", "last_name": "Betancur", "email": "luibetancur@colegiofontan.edu.co", "is_staff": true, "is_active": true, "date_joined": "2024-12-21T22:29:27.211Z", "groups": [], "user_permissions": []}}, {"model": "auth.user", "pk": 11, "fields": {"password": "pbkdf2_sha256$720000$wzsWsq9wELYyDgHuKt2eXD$ThlJ6FSVztOz14DpH3CHX7CRDTnai24Gf9q8x+0MN5E=", "last_login": "2025-01-04T18:07:27.624Z", "is_superuser": false, "username": "johnduque", "first_name": "John Jairo", "last_name": "Duque", "email": "duquejohn00@hotmail.com", "is_staff": true, "is_active": true, "date_joined": "2025-01-03T19:28:51.447Z", "groups": [], "user_permissions": []}}, {"model": "auth.user", "pk": 12, "fields": {"password": "pbkdf2_sha256$720000$vbrzo5FYjy9TLTLJXyxFcA$4vIdE/o7dHCXIyaDSiB4lYkmsNJWcq0qTyVrZR5FQEA=", "last_login": "2025-01-11T21:08:59.324Z", "is_superuser": true, "username": "adrianafontan", "first_name": "", "last_name": "", "email": "adriana@gmail.com", "is_staff": true, "is_active": true, "date_joined": "2025-01-04T18:34:29.083Z", "groups": [], "user_permissions": []}}, {"model": "contenttypes.contenttype", "pk": 1, "fields": {"app_label": "admin", "model": "logentry"}}, {"model": "contenttypes.contenttype", "pk": 2, "fields": {"app_label": "auth", "model": "permission"}}, {"model": "contenttypes.contenttype", "pk": 3, "fields": {"app_label": "auth", "model": "group"}}, {"model": "contenttypes.contenttype", "pk": 4, "fields": {"app_label": "auth", "model": "user"}}, {"model": "contenttypes.contenttype", "pk": 5, "fields": {"app_label": "contenttypes", "model": "contenttype"}}, {"model": "contenttypes.contenttype", "pk": 6, "fields": {"app_label": "sessions", "model": "session"}}, {"model": "contenttypes.contenttype", "pk": 7, "fields": {"app_label": "students", "model": "student"}}, {"model": "contenttypes.contenttype", "pk": 8, "fields": {"app_label": "tutors", "model": "tutor"}}, {"model": "contenttypes.contenttype", "pk": 9, "fields": {"app_label": "tutors", "model": "scheduletutor"}}, {"model": "contenttypes.contenttype", "pk": 10, "fields": {"app_label": "workshops", "model": "block"}}, {"model": "contenttypes.contenttype", "pk": 11, "fields": {"app_label": "workshops", "model": "workshop"}}, {"model": "contenttypes.contenttype", "pk": 12, "fields": {"app_label": "schedules", "model": "schedule"}}, {"model": "contenttypes.contenttype", "pk": 13, "fields": {"app_label": "django_celery_beat", "model": "crontabschedule"}}, {"model": "contenttypes.contenttype", "pk": 14, "fields": {"app_label": "django_celery_beat", "model": "intervalschedule"}}, {"model": "contenttypes.contenttype", "pk": 15, "fields": {"app_label": "django_celery_beat", "model": "periodictask"}}, {"model": "contenttypes.contenttype", "pk": 16, "fields": {"app_label": "django_celery_beat", "model": "periodictasks"}}, {"model": "contenttypes.contenttype", "pk": 17, "fields": {"app_label": "django_celery_beat", "model": "solarschedule"}}, {"model": "contenttypes.contenttype", "pk": 18, "fields": {"app_label": "django_celery_beat", "model": "clockedschedule"}}, {"model": "sessions.session", "pk": "0j7lnh1eezfnif36rh2o8sp9bpewoyuq", "fields": {"session_data": ".eJxVjDsOwjAQBe_iGln-4M9S0ucM1tq7xgGUSHFSIe4OkVJA-2bmvUTCbW1p67ykkcRFaCNOv2PG8uBpJ3TH6TbLMk_rMma5K_KgXQ4z8fN6uH8HDXv71hWr51hUCYjGOK-BCJwOhXKw5IIBpWw0XDwznE3UCIHQo4JqLTgn3h8VlDfl:1tWij5:skBXvoToUyut3uO7XIDDTY5rB3GFvGWj6pXhmOoRPd0", "expire_date": "2025-01-25T21:08:59.326Z"}}, {"model": "sessions.session", "pk": "34hg71bkt7gpwhfalwxaazuiz2epmuba", "fields": {"session_data": ".eJxVjDsOwjAQBe_iGln-4M9S0ucM1tq7xgGUSHFSIe4OkVJA-2bmvUTCbW1p67ykkcRFaCNOv2PG8uBpJ3TH6TbLMk_rMma5K_KgXQ4z8fN6uH8HDXv71hWr51hUCYjGOK-BCJwOhXKw5IIBpWw0XDwznE3UCIHQo4JqLTgn3h8VlDfl:1tUv35:kCjmOEQoctjGgQ49brSGF3bLCXzZSVuDRSEOw2Akfr0", "expire_date": "2025-01-20T21:54:11.114Z"}}, {"model": "sessions.session", "pk": "7t8ub3qfzcp7gsaecgoo4ksd58whsjmz", "fields": {"session_data": ".eJxVjDsOwjAQBe_iGln-4M9S0ucM1tq7xgGUSHFSIe4OkVJA-2bmvUTCbW1p67ykkcRFaCNOv2PG8uBpJ3TH6TbLMk_rMma5K_KgXQ4z8fN6uH8HDXv71hWr51hUCYjGOK-BCJwOhXKw5IIBpWw0XDwznE3UCIHQo4JqLTgn3h8VlDfl:1tVNER:Kykz_8zr_Gz3PMEcqy8ILx6eh4hXab7HhoymmMTJLgY", "expire_date": "2025-01-22T03:59:47.513Z"}}, {"model": "sessions.session", "pk": "a6fqtygx5nccqp88wp1owy89ufcy5cwz", "fields": {"session_data": ".eJxVjDsOwjAQBe_iGlk4_q0p6TlDtN5dcADZUpxUiLtDpBTQvpl5LzXiupRx7TKPE6uTGtThd8tID6kb4DvWW9PU6jJPWW-K3mnXl8byPO_u30HBXr41CgXrMSfrJDpg74kByB-j9cmIgB3IGCaxQNFcXUocXcAcXMhAQdT7A-cmN_A:1tMAZ6:l1qgHsMVgTJjnjmjYRuWlRFhfjaoGNYUdUYDc6U3WSY", "expire_date": "2024-12-27T18:39:04.854Z"}}, {"model": "sessions.session", "pk": "bna8d0d5s7jf7p1v73goxmb9265a76r0", "fields": {"session_data": ".eJxVjDsOwjAQBe_iGlk4_q0p6TlDtN5dcADZUpxUiLtDpBTQvpl5LzXiupRx7TKPE6uTGtThd8tID6kb4DvWW9PU6jJPWW-K3mnXl8byPO_u30HBXr41CgXrMSfrJDpg74kByB-j9cmIgB3IGCaxQNFcXUocXcAcXMhAQdT7A-cmN_A:1tNMHm:5eSPVh9Dv-CP_p8K5IY4_kW5Gdh1fm5lsh_oy21jIzw", "expire_date": "2024-12-31T01:22:06.167Z"}}, {"model": "sessions.session", "pk": "crbiifduhuenzthyfgusyoznq0ip5amc", "fields": {"session_data": ".eJxVjDsOwjAQBe_iGlk4_q0p6TlDtN5dcADZUpxUiLtDpBTQvpl5LzXiupRx7TKPE6uTGtThd8tID6kb4DvWW9PU6jJPWW-K3mnXl8byPO_u30HBXr41CgXrMSfrJDpg74kByB-j9cmIgB3IGCaxQNFcXUocXcAcXMhAQdT7A-cmN_A:1tNFIz:KvgD033apBlwLvQUdxWYrOfsSX5vi3kdyqgYvfTia-M", "expire_date": "2024-12-30T17:54:53.977Z"}}, {"model": "sessions.session", "pk": "flacwr6fi2ktajsklulk7feib0tb5nay", "fields": {"session_data": ".eJxVjDsOwjAQBe_iGlk4_q0p6TlDtN5dcADZUpxUiLtDpBTQvpl5LzXiupRx7TKPE6uTGtThd8tID6kb4DvWW9PU6jJPWW-K3mnXl8byPO_u30HBXr41CgXrMSfrJDpg74kByB-j9cmIgB3IGCaxQNFcXUocXcAcXMhAQdT7A-cmN_A:1tMxLG:2AzIyDots48O-XJd7g3TgqPCngs28W7awuDWSBpFnxs", "expire_date": "2024-12-29T22:44:02.192Z"}}, {"model": "sessions.session", "pk": "gbnu07b2cp7akqywr3i2067t0jr4gc0q", "fields": {"session_data": ".eJxVjDsOwjAQBe_iGln-4M9S0ucM1tq7xgGUSHFSIe4OkVJA-2bmvUTCbW1p67ykkcRFaCNOv2PG8uBpJ3TH6TbLMk_rMma5K_KgXQ4z8fN6uH8HDXv71hWr51hUCYjGOK-BCJwOhXKw5IIBpWw0XDwznE3UCIHQo4JqLTgn3h8VlDfl:1tU8zY:54ihWfZzH0mPI5oYqYzAcX8R_Vd4i9jM_WlMX0XtwWo", "expire_date": "2025-01-18T18:35:20.250Z"}}, {"model": "sessions.session", "pk": "hzd9628uxh89jajyn1w9dcbgfh7fsmjh", "fields": {"session_data": ".eJxVjDsOwjAUBO_iGll24i8lPWew3vNaOIAcKU4qxN0hUgpod2b2JRJta01bL0uaIM7Ci9PvxpQfpe0Ad2q3Wea5rcvEclfkQbu8zijPy-H-HVTq9VvroBlZq2DGkOMQUTIFRAtFhp3Slr2DpTEGbXM0Hg5mAHt4BXbRiPcH3qo3sg:1tN1Yh:8Pg86iQU4BTFFBl1L40vquJ8Ea9W8XFrr1nTDCDnFh4", "expire_date": "2024-12-30T03:14:11.836Z"}}, {"model": "sessions.session", "pk": "i6aur04hgk96qech7llq4dpg7wli2k4g", "fields": {"session_data": ".eJxVjDsOwjAQBe_iGlk4_q0p6TlDtN5dcADZUpxUiLtDpBTQvpl5LzXiupRx7TKPE6uTGtThd8tID6kb4DvWW9PU6jJPWW-K3mnXl8byPO_u30HBXr41CgXrMSfrJDpg74kByB-j9cmIgB3IGCaxQNFcXUocXcAcXMhAQdT7A-cmN_A:1tMAsZ:oNRlR8abgXH1QCT-FLyAXv9efybHG62P6lwCXzbuBpw", "expire_date": "2024-12-27T18:59:11.937Z"}}, {"model": "sessions.session", "pk": "ikf32tj9thraxbi1js1uxg27tclwwe5i", "fields": {"session_data": ".eJxVjDsOwjAQBe_iGln-xJ9Q0ucM1q7XxgFkS3FSIe5OIqWA9s3Me7MA21rC1tMSZmJXNrDL74YQn6kegB5Q743HVtdlRn4o_KSdT43S63a6fwcFetnrBMo4F-MoJXgfiTKCIqcpK8gyGnSksrdgUfoB0GphwIB2o0hiLyT7fAEP6ziB:1tQCsf:puq4TXBX4elcQIPeVs9F-8aryAWwX5dRjTCAbp3QMek", "expire_date": "2025-01-07T21:55:57.789Z"}}, {"model": "sessions.session", "pk": "m864dbfn3zthup9r4opzt9k5g0g513ha", "fields": {"session_data": ".eJxVjDsOwjAUBO_iGll24i8lPWew3vNaOIAcKU4qxN0hUgpod2b2JRJta01bL0uaIM7Ci9PvxpQfpe0Ad2q3Wea5rcvEclfkQbu8zijPy-H-HVTq9VvroBlZq2DGkOMQUTIFRAtFhp3Slr2DpTEGbXM0Hg5mAHt4BXbRiPcH3qo3sg:1tN1Yh:8Pg86iQU4BTFFBl1L40vquJ8Ea9W8XFrr1nTDCDnFh4", "expire_date": "2024-12-30T03:14:11.498Z"}}, {"model": "sessions.session", "pk": "uah71105ck9sljq03b85mfqkz0ckvs93", "fields": {"session_data": ".eJxVjDsOwjAQBe_iGlk4_q0p6TlDtN5dcADZUpxUiLtDpBTQvpl5LzXiupRx7TKPE6uTGtThd8tID6kb4DvWW9PU6jJPWW-K3mnXl8byPO_u30HBXr41CgXrMSfrJDpg74kByB-j9cmIgB3IGCaxQNFcXUocXcAcXMhAQdT7A-cmN_A:1tNCFG:PwDfeLieMHRVDLE_AVp6uISKmqIDtpFeWnF_bEQUHX4", "expire_date": "2024-12-30T14:38:50.535Z"}}, {"model": "sessions.session", "pk": "vu1mkdiv9ncss9b45pq7pav926yn6q2b", "fields": {"session_data": ".eJxVjDsOwjAQBe_iGlk4_q0p6TlDtN5dcADZUpxUiLtDpBTQvpl5LzXiupRx7TKPE6uTGtThd8tID6kb4DvWW9PU6jJPWW-K3mnXl8byPO_u30HBXr41CgXrMSfrJDpg74kByB-j9cmIgB3IGCaxQNFcXUocXcAcXMhAQdT7A-cmN_A:1tMudQ:0jzI75Fl6TVAs8gwarlnj8UXUGMxMHBhZbwBFoyk-mQ", "expire_date": "2024-12-29T19:50:36.105Z"}}, {"model": "sessions.session", "pk": "xd5dxf4xpjffxxre16woiqt62j5qspex", "fields": {"session_data": ".eJxVjDsOwjAQBe_iGln-4M9S0ucM1tq7xgGUSHFSIe4OkVJA-2bmvUTCbW1p67ykkcRFaCNOv2PG8uBpJ3TH6TbLMk_rMma5K_KgXQ4z8fN6uH8HDXv71hWr51hUCYjGOK-BCJwOhXKw5IIBpWw0XDwznE3UCIHQo4JqLTgn3h8VlDfl:1tWiQG:qkiRhy--76fZMM5hVQ4ClXatb2k2a7hv3HvVtpOfFpE", "expire_date": "2025-01-25T20:49:32.938Z"}}, {"model": "students.student", "pk": 1, "fields": {"name": "Pedro", "lastname": "Saldarriaga Fontan", "id_number": 1001001010011, "autonomy_level": 3, "extended_vacation": true, "grade": 1, "status": "present", "workshop": 92}}, {"model": "students.student", "pk": 2, "fields": {"name": "Nicolas", "lastname": "Hurtado", "id_number": 10004345650, "autonomy_level": 1, "extended_vacation": false, "grade": 4, "status": "absent", "workshop": null}}, {"model": "students.student", "pk": 3, "fields": {"name": "Jacobo", "lastname": "Restrepo", "id_number": 109945767, "autonomy_level": 1, "extended_vacation": false, "grade": 6, "status": "present", "workshop": 80}}, {"model": "students.student", "pk": 4, "fields": {"name": "Isabela", "lastname": "Giraldo", "id_number": 696969696969, "autonomy_level": 3, "extended_vacation": false, "grade": 1, "status": "absent", "workshop": 64}}, {"model": "students.student", "pk": 6, "fields": {"name": "Victor Hugo", "lastname": "Hurtado", "id_number": 21424, "autonomy_level": 2, "extended_vacation": false, "grade": 1, "status": "absent", "workshop": 64}}, {"model": "students.student", "pk": 7, "fields": {"name": "Valentina", "lastname": "Perez", "id_number": 100101010010, "autonomy_level": 1, "extended_vacation": false, "grade": 1, "status": "present", "workshop": 81}}, {"model": "students.student", "pk": 8, "fields": {"name": "Daniel", "lastname": "Correa", "id_number": 50493827, "autonomy_level": 1, "extended_vacation": false, "grade": 4, "status": "neutral", "workshop": 67}}, {"model": "students.student", "pk": 9, "fields": {"name": "Jaime", "lastname": "Ortiz", "id_number": 13131313, "autonomy_level": 3, "extended_vacation": false, "grade": 10, "status": "neutral", "workshop": 84}}, {"model": "students.student", "pk": 10, "fields": {"name": "Alejandro", "lastname": "Rios", "id_number": 10007402730, "autonomy_level": 2, "extended_vacation": false, "grade": 5, "status": "neutral", "workshop": 80}}, {"model": "tutors.tutor", "pk": 5, "fields": {"user": 9, "student": null}}, {"model": "tutors.tutor", "pk": 6, "fields": {"user": 10, "student": null}}, {"model": "tutors.tutor", "pk": 7, "fields": {"user": 11, "student": null}}, {"model": "workshops.workshop", "pk": 64, "fields": {"name": "Taller AA", "tutor": null, "max_capacity": 15, "type": "primary"}}, {"model": "workshops.workshop", "pk": 65, "fields": {"name": "Taller DD", "tutor": null, "max_capacity": 15, "type": "primary"}}, {"model": "workshops.workshop", "pk": 66, "fields": {"name": "Taller BB", "tutor": null, "max_capacity": 15, "type": "primary"}}, {"model": "workshops.workshop", "pk": 67, "fields": {"name": "Taller CC", "tutor": null, "max_capacity": 15, "type": "primary"}}, {"model": "workshops.workshop", "pk": 68, "fields": {"name": "Taller EE", "tutor": null, "max_capacity": 15, "type": "primary"}}, {"model": "workshops.workshop", "pk": 69, "fields": {"name": "Taller A", "tutor": 5, "max_capacity": 15, "type": "primary"}}, {"model": "workshops.workshop", "pk": 70, "fields": {"name": "Taller B", "tutor": null, "max_capacity": 15, "type": "primary"}}, {"model": "workshops.workshop", "pk": 71, "fields": {"name": "Taller C", "tutor": null, "max_capacity": 15, "type": "primary"}}, {"model": "workshops.workshop", "pk": 72, "fields": {"name": "Taller D", "tutor": null, "max_capacity": 15, "type": "primary"}}, {"model": "workshops.workshop", "pk": 73, "fields": {"name": "Taller E", "tutor": null, "max_capacity": 15, "type": "primary"}}, {"model": "workshops.workshop", "pk": 74, "fields": {"name": "Taller F", "tutor": null, "max_capacity": 15, "type": "primary"}}, {"model": "workshops.workshop", "pk": 78, "fields": {"name": "Taller I", "tutor": null, "max_capacity": 25, "type": "high_school"}}, {"model": "workshops.workshop", "pk": 79, "fields": {"name": "Taller R", "tutor": 6, "max_capacity": 25, "type": "collective"}}, {"model": "workshops.workshop", "pk": 80, "fields": {"name": "Taller G", "tutor": 7, "max_capacity": 25, "type": "high_school"}}, {"model": "workshops.workshop", "pk": 81, "fields": {"name": "Taller H", "tutor": null, "max_capacity": 18, "type": "collective"}}, {"model": "workshops.workshop", "pk": 82, "fields": {"name": "Taller J", "tutor": null, "max_capacity": 25, "type": "high_school"}}, {"model": "workshops.workshop", "pk": 83, "fields": {"name": "Taller K", "tutor": null, "max_capacity": 25, "type": "high_school"}}, {"model": "workshops.workshop", "pk": 84, "fields": {"name": "Taller L", "tutor": null, "max_capacity": 25, "type": "high_school"}}, {"model": "workshops.workshop", "pk": 85, "fields": {"name": "Taller M", "tutor": null, "max_capacity": 25, "type": "high_school"}}, {"model": "workshops.workshop", "pk": 86, "fields": {"name": "Taller N", "tutor": null, "max_capacity": 25, "type": "high_school"}}, {"model": "workshops.workshop", "pk": 87, "fields": {"name": "Taller O", "tutor": null, "max_capacity": 25, "type": "high_school"}}, {"model": "workshops.workshop", "pk": 88, "fields": {"name": "Taller P", "tutor": null, "max_capacity": 25, "type": "high_school"}}, {"model": "workshops.workshop", "pk": 89, "fields": {"name": "Taller T", "tutor": null, "max_capacity": 25, "type": "collective"}}, {"model": "workshops.workshop", "pk": 90, "fields": {"name": "Taller U", "tutor": null, "max_capacity": 25, "type": "collective"}}, {"model": "workshops.workshop", "pk": 91, "fields": {"name": "Taller W", "tutor": null, "max_capacity": 25, "type": "collective"}}, {"model": "workshops.workshop", "pk": 92, "fields": {"name": "Taller Z", "tutor": null, "max_capacity": 25, "type": "high_school"}}, {"model": "workshops.block", "pk": 1, "fields": {"day": "Monday", "start_time": "07:40:00", "end_time": "08:40:00", "block_number": 1, "type": "primary", "workshop": 64, "students": [1, 2, 3, 4, 6, 7, 8]}}, {"model": "workshops.block", "pk": 2, "fields": {"day": "Monday", "start_time": "09:10:00", "end_time": "10:20:00", "block_number": 2, "type": "primary", "workshop": 64, "students": [4, 6]}}, {"model": "workshops.block", "pk": 3, "fields": {"day": "Monday", "start_time": "10:40:00", "end_time": "11:50:00", "block_number": 3, "type": "primary", "workshop": 64, "students": [4, 6]}}, {"model": "workshops.block", "pk": 4, "fields": {"day": "Monday", "start_time": "12:30:00", "end_time": "13:30:00", "block_number": 4, "type": "primary", "workshop": 64, "students": [4]}}, {"model": "workshops.block", "pk": 5, "fields": {"day": "Monday", "start_time": "13:50:00", "end_time": "14:40:00", "block_number": 5, "type": "primary", "workshop": 64, "students": [4, 7]}}, {"model": "workshops.block", "pk": 6, "fields": {"day": "Tuesday", "start_time": "07:40:00", "end_time": "08:40:00", "block_number": 1, "type": "primary", "workshop": 64, "students": [2, 6, 7, 8]}}, {"model": "workshops.block", "pk": 7, "fields": {"day": "Tuesday", "start_time": "09:10:00", "end_time": "10:20:00", "block_number": 2, "type": "primary", "workshop": 64, "students": [1]}}, {"model": "workshops.block", "pk": 8, "fields": {"day": "Tuesday", "start_time": "10:40:00", "end_time": "11:50:00", "block_number": 3, "type": "primary", "workshop": 64, "students": [2]}}, {"model": "workshops.block", "pk": 9, "fields": {"day": "Tuesday", "start_time": "12:30:00", "end_time": "13:30:00", "block_number": 4, "type": "primary", "workshop": 64, "students": []}}, {"model": "workshops.block", "pk": 10, "fields": {"day": "Tuesday", "start_time": "13:50:00", "end_time": "14:40:00", "block_number": 5, "type": "primary", "workshop": 64, "students": []}}, {"model": "workshops.block", "pk": 11, "fields": {"day": "Wednesday", "start_time": "07:40:00", "end_time": "08:40:00", "block_number": 1, "type": "primary", "workshop": 64, "students": [4]}}, {"model": "workshops.block", "pk": 12, "fields": {"day": "Wednesday", "start_time": "09:10:00", "end_time": "10:20:00", "block_number": 2, "type": "primary", "workshop": 64, "students": [2]}}, {"model": "workshops.block", "pk": 13, "fields": {"day": "Wednesday", "start_time": "10:40:00", "end_time": "11:50:00", "block_number": 3, "type": "primary", "workshop": 64, "students": []}}, {"model": "workshops.block", "pk": 14, "fields": {"day": "Wednesday", "start_time": "12:30:00", "end_time": "13:30:00", "block_number": 4, "type": "primary", "workshop": 64, "students": [4]}}, {"model": "workshops.block", "pk": 15, "fields": {"day": "Wednesday", "start_time": "13:50:00", "end_time": "14:40:00", "block_number": 5, "type": "primary", "workshop": 64, "students": [7]}}, {"model": "workshops.block", "pk": 16, "fields": {"day": "Thursday", "start_time": "07:40:00", "end_time": "08:40:00", "block_number": 1, "type": "primary", "workshop": 64, "students": [2]}}, {"model": "workshops.block", "pk": 17, "fields": {"day": "Thursday", "start_time": "09:10:00", "end_time": "10:20:00", "block_number": 2, "type": "primary", "workshop": 64, "students": []}}, {"model": "workshops.block", "pk": 18, "fields": {"day": "Thursday", "start_time": "10:40:00", "end_time": "11:50:00", "block_number": 3, "type": "primary", "workshop": 64, "students": []}}, {"model": "workshops.block", "pk": 19, "fields": {"day": "Thursday", "start_time": "12:30:00", "end_time": "13:30:00", "block_number": 4, "type": "primary", "workshop": 64, "students": [2]}}, {"model": "workshops.block", "pk": 20, "fields": {"day": "Thursday", "start_time": "13:50:00", "end_time": "14:40:00", "block_number": 5, "type": "primary", "workshop": 64, "students": [7]}}, {"model": "workshops.block", "pk": 21, "fields": {"day": "Friday", "start_time": "07:40:00", "end_time": "08:40:00", "block_number": 1, "type": "primary", "workshop": 64, "students": [4]}}, {"model": "workshops.block", "pk": 22, "fields": {"day": "Friday", "start_time": "09:10:00", "end_time": "10:20:00", "block_number": 2, "type": "primary", "workshop": 64, "students": []}}, {"model": "workshops.block", "pk": 23, "fields": {"day": "Friday", "start_time": "10:40:00", "end_time": "11:50:00", "block_number": 3, "type": "primary", "workshop": 64, "students": []}}, {"model": "workshops.block", "pk": 24, "fields": {"day": "Friday", "start_time": "12:20:00", "end_time": "13:20:00", "block_number": 4, "type": "primary", "workshop": 64, "students": []}}, {"model": "workshops.block", "pk": 25, "fields": {"day": "Monday", "start_time": "07:40:00", "end_time": "08:40:00", "block_number": 1, "type": "primary", "workshop": 65, "students": [2, 4, 6, 8]}}, {"model": "workshops.block", "pk": 26, "fields": {"day": "Monday", "start_time": "09:10:00", "end_time": "10:20:00", "block_number": 2, "type": "primary", "workshop": 65, "students": [4, 7, 8]}}, {"model": "workshops.block", "pk": 27, "fields": {"day": "Monday", "start_time": "10:40:00", "end_time": "11:50:00", "block_number": 3, "type": "primary", "workshop": 65, "students": [2, 6]}}, {"model": "workshops.block", "pk": 28, "fields": {"day": "Monday", "start_time": "12:30:00", "end_time": "13:30:00", "block_number": 4, "type": "primary", "workshop": 65, "students": []}}, {"model": "workshops.block", "pk": 29, "fields": {"day": "Monday", "start_time": "13:50:00", "end_time": "14:40:00", "block_number": 5, "type": "primary", "workshop": 65, "students": []}}, {"model": "workshops.block", "pk": 30, "fields": {"day": "Tuesday", "start_time": "07:40:00", "end_time": "08:40:00", "block_number": 1, "type": "primary", "workshop": 65, "students": [4]}}, {"model": "workshops.block", "pk": 31, "fields": {"day": "Tuesday", "start_time": "09:10:00", "end_time": "10:20:00", "block_number": 2, "type": "primary", "workshop": 65, "students": []}}, {"model": "workshops.block", "pk": 32, "fields": {"day": "Tuesday", "start_time": "10:40:00", "end_time": "11:50:00", "block_number": 3, "type": "primary", "workshop": 65, "students": []}}, {"model": "workshops.block", "pk": 33, "fields": {"day": "Tuesday", "start_time": "12:30:00", "end_time": "13:30:00", "block_number": 4, "type": "primary", "workshop": 65, "students": []}}, {"model": "workshops.block", "pk": 34, "fields": {"day": "Tuesday", "start_time": "13:50:00", "end_time": "14:40:00", "block_number": 5, "type": "primary", "workshop": 65, "students": []}}, {"model": "workshops.block", "pk": 35, "fields": {"day": "Wednesday", "start_time": "07:40:00", "end_time": "08:40:00", "block_number": 1, "type": "primary", "workshop": 65, "students": []}}, {"model": "workshops.block", "pk": 36, "fields": {"day": "Wednesday", "start_time": "09:10:00", "end_time": "10:20:00", "block_number": 2, "type": "primary", "workshop": 65, "students": []}}, {"model": "workshops.block", "pk": 37, "fields": {"day": "Wednesday", "start_time": "10:40:00", "end_time": "11:50:00", "block_number": 3, "type": "primary", "workshop": 65, "students": []}}, {"model": "workshops.block", "pk": 38, "fields": {"day": "Wednesday", "start_time": "12:30:00", "end_time": "13:30:00", "block_number": 4, "type": "primary", "workshop": 65, "students": []}}, {"model": "workshops.block", "pk": 39, "fields": {"day": "Wednesday", "start_time": "13:50:00", "end_time": "14:40:00", "block_number": 5, "type": "primary", "workshop": 65, "students": []}}, {"model": "workshops.block", "pk": 40, "fields": {"day": "Thursday", "start_time": "07:40:00", "end_time": "08:40:00", "block_number": 1, "type": "primary", "workshop": 65, "students": []}}, {"model": "workshops.block", "pk": 41, "fields": {"day": "Thursday", "start_time": "09:10:00", "end_time": "10:20:00", "block_number": 2, "type": "primary", "workshop": 65, "students": [4]}}, {"model": "workshops.block", "pk": 42, "fields": {"day": "Thursday", "start_time": "10:40:00", "end_time": "11:50:00", "block_number": 3, "type": "primary", "workshop": 65, "students": []}}, {"model": "workshops.block", "pk": 43, "fields": {"day": "Thursday", "start_time": "12:30:00", "end_time": "13:30:00", "block_number": 4, "type": "primary", "workshop": 65, "students": []}}, {"model": "workshops.block", "pk": 44, "fields": {"day": "Thursday", "start_time": "13:50:00", "end_time": "14:40:00", "block_number": 5, "type": "primary", "workshop": 65, "students": []}}, {"model": "workshops.block", "pk": 45, "fields": {"day": "Friday", "start_time": "07:40:00", "end_time": "08:40:00", "block_number": 1, "type": "primary", "workshop": 65, "students": [2]}}, {"model": "workshops.block", "pk": 46, "fields": {"day": "Friday", "start_time": "09:10:00", "end_time": "10:20:00", "block_number": 2, "type": "primary", "workshop": 65, "students": [2]}}, {"model": "workshops.block", "pk": 47, "fields": {"day": "Friday", "start_time": "10:40:00", "end_time": "11:50:00", "block_number": 3, "type": "primary", "workshop": 65, "students": []}}, {"model": "workshops.block", "pk": 48, "fields": {"day": "Friday", "start_time": "12:20:00", "end_time": "13:20:00", "block_number": 4, "type": "primary", "workshop": 65, "students": []}}, {"model": "workshops.block", "pk": 49, "fields": {"day": "Monday", "start_time": "07:40:00", "end_time": "08:40:00", "block_number": 1, "type": "primary", "workshop": 66, "students": []}}, {"model": "workshops.block", "pk": 50, "fields": {"day": "Monday", "start_time": "09:10:00", "end_time": "10:20:00", "block_number": 2, "type": "primary", "workshop": 66, "students": [2, 4]}}, {"model": "workshops.block", "pk": 51, "fields": {"day": "Monday", "start_time": "10:40:00", "end_time": "11:50:00", "block_number": 3, "type": "primary", "workshop": 66, "students": []}}, {"model": "workshops.block", "pk": 52, "fields": {"day": "Monday", "start_time": "12:30:00", "end_time": "13:30:00", "block_number": 4, "type": "primary", "workshop": 66, "students": []}}, {"model": "workshops.block", "pk": 53, "fields": {"day": "Monday", "start_time": "13:50:00", "end_time": "14:40:00", "block_number": 5, "type": "primary", "workshop": 66, "students": []}}, {"model": "workshops.block", "pk": 54, "fields": {"day": "Tuesday", "start_time": "07:40:00", "end_time": "08:40:00", "block_number": 1, "type": "primary", "workshop": 66, "students": [4]}}, {"model": "workshops.block", "pk": 55, "fields": {"day": "Tuesday", "start_time": "09:10:00", "end_time": "10:20:00", "block_number": 2, "type": "primary", "workshop": 66, "students": []}}, {"model": "workshops.block", "pk": 56, "fields": {"day": "Tuesday", "start_time": "10:40:00", "end_time": "11:50:00", "block_number": 3, "type": "primary", "workshop": 66, "students": [4]}}, {"model": "workshops.block", "pk": 57, "fields": {"day": "Tuesday", "start_time": "12:30:00", "end_time": "13:30:00", "block_number": 4, "type": "primary", "workshop": 66, "students": []}}, {"model": "workshops.block", "pk": 58, "fields": {"day": "Tuesday", "start_time": "13:50:00", "end_time": "14:40:00", "block_number": 5, "type": "primary", "workshop": 66, "students": []}}, {"model": "workshops.block", "pk": 59, "fields": {"day": "Wednesday", "start_time": "07:40:00", "end_time": "08:40:00", "block_number": 1, "type": "primary", "workshop": 66, "students": [6]}}, {"model": "workshops.block", "pk": 60, "fields": {"day": "Wednesday", "start_time": "09:10:00", "end_time": "10:20:00", "block_number": 2, "type": "primary", "workshop": 66, "students": []}}, {"model": "workshops.block", "pk": 61, "fields": {"day": "Wednesday", "start_time": "10:40:00", "end_time": "11:50:00", "block_number": 3, "type": "primary", "workshop": 66, "students": [10]}}, {"model": "workshops.block", "pk": 62, "fields": {"day": "Wednesday", "start_time": "12:30:00", "end_time": "13:30:00", "block_number": 4, "type": "primary", "workshop": 66, "students": []}}, {"model": "workshops.block", "pk": 63, "fields": {"day": "Wednesday", "start_time": "13:50:00", "end_time": "14:40:00", "block_number": 5, "type": "primary", "workshop": 66, "students": []}}, {"model": "workshops.block", "pk": 64, "fields": {"day": "Thursday", "start_time": "07:40:00", "end_time": "08:40:00", "block_number": 1, "type": "primary", "workshop": 66, "students": []}}, {"model": "workshops.block", "pk": 65, "fields": {"day": "Thursday", "start_time": "09:10:00", "end_time": "10:20:00", "block_number": 2, "type": "primary", "workshop": 66, "students": [4, 7]}}, {"model": "workshops.block", "pk": 66, "fields": {"day": "Thursday", "start_time": "10:40:00", "end_time": "11:50:00", "block_number": 3, "type": "primary", "workshop": 66, "students": []}}, {"model": "workshops.block", "pk": 67, "fields": {"day": "Thursday", "start_time": "12:30:00", "end_time": "13:30:00", "block_number": 4, "type": "primary", "workshop": 66, "students": []}}, {"model": "workshops.block", "pk": 68, "fields": {"day": "Thursday", "start_time": "13:50:00", "end_time": "14:40:00", "block_number": 5, "type": "primary", "workshop": 66, "students": []}}, {"model": "workshops.block", "pk": 69, "fields": {"day": "Friday", "start_time": "07:40:00", "end_time": "08:40:00", "block_number": 1, "type": "primary", "workshop": 66, "students": []}}, {"model": "workshops.block", "pk": 70, "fields": {"day": "Friday", "start_time": "09:10:00", "end_time": "10:20:00", "block_number": 2, "type": "primary", "workshop": 66, "students": []}}, {"model": "workshops.block", "pk": 71, "fields": {"day": "Friday", "start_time": "10:40:00", "end_time": "11:50:00", "block_number": 3, "type": "primary", "workshop": 66, "students": []}}, {"model": "workshops.block", "pk": 72, "fields": {"day": "Friday", "start_time": "12:20:00", "end_time": "13:20:00", "block_number": 4, "type": "primary", "workshop": 66, "students": []}}, {"model": "workshops.block", "pk": 73, "fields": {"day": "Monday", "start_time": "07:40:00", "end_time": "08:40:00", "block_number": 1, "type": "primary", "workshop": 67, "students": [8]}}, {"model": "workshops.block", "pk": 74, "fields": {"day": "Monday", "start_time": "09:10:00", "end_time": "10:20:00", "block_number": 2, "type": "primary", "workshop": 67, "students": []}}, {"model": "workshops.block", "pk": 75, "fields": {"day": "Monday", "start_time": "10:40:00", "end_time": "11:50:00", "block_number": 3, "type": "primary", "workshop": 67, "students": [2]}}, {"model": "workshops.block", "pk": 76, "fields": {"day": "Monday", "start_time": "12:30:00", "end_time": "13:30:00", "block_number": 4, "type": "primary", "workshop": 67, "students": []}}, {"model": "workshops.block", "pk": 77, "fields": {"day": "Monday", "start_time": "13:50:00", "end_time": "14:40:00", "block_number": 5, "type": "primary", "workshop": 67, "students": []}}, {"model": "workshops.block", "pk": 78, "fields": {"day": "Tuesday", "start_time": "07:40:00", "end_time": "08:40:00", "block_number": 1, "type": "primary", "workshop": 67, "students": []}}, {"model": "workshops.block", "pk": 79, "fields": {"day": "Tuesday", "start_time": "09:10:00", "end_time": "10:20:00", "block_number": 2, "type": "primary", "workshop": 67, "students": []}}, {"model": "workshops.block", "pk": 80, "fields": {"day": "Tuesday", "start_time": "10:40:00", "end_time": "11:50:00", "block_number": 3, "type": "primary", "workshop": 67, "students": []}}, {"model": "workshops.block", "pk": 81, "fields": {"day": "Tuesday", "start_time": "12:30:00", "end_time": "13:30:00", "block_number": 4, "type": "primary", "workshop": 67, "students": []}}, {"model": "workshops.block", "pk": 82, "fields": {"day": "Tuesday", "start_time": "13:50:00", "end_time": "14:40:00", "block_number": 5, "type": "primary", "workshop": 67, "students": []}}, {"model": "workshops.block", "pk": 83, "fields": {"day": "Wednesday", "start_time": "07:40:00", "end_time": "08:40:00", "block_number": 1, "type": "primary", "workshop": 67, "students": []}}, {"model": "workshops.block", "pk": 84, "fields": {"day": "Wednesday", "start_time": "09:10:00", "end_time": "10:20:00", "block_number": 2, "type": "primary", "workshop": 67, "students": []}}, {"model": "workshops.block", "pk": 85, "fields": {"day": "Wednesday", "start_time": "10:40:00", "end_time": "11:50:00", "block_number": 3, "type": "primary", "workshop": 67, "students": []}}, {"model": "workshops.block", "pk": 86, "fields": {"day": "Wednesday", "start_time": "12:30:00", "end_time": "13:30:00", "block_number": 4, "type": "primary", "workshop": 67, "students": []}}, {"model": "workshops.block", "pk": 87, "fields": {"day": "Wednesday", "start_time": "13:50:00", "end_time": "14:40:00", "block_number": 5, "type": "primary", "workshop": 67, "students": []}}, {"model": "workshops.block", "pk": 88, "fields": {"day": "Thursday", "start_time": "07:40:00", "end_time": "08:40:00", "block_number": 1, "type": "primary", "workshop": 67, "students": [6]}}, {"model": "workshops.block", "pk": 89, "fields": {"day": "Thursday", "start_time": "09:10:00", "end_time": "10:20:00", "block_number": 2, "type": "primary", "workshop": 67, "students": []}}, {"model": "workshops.block", "pk": 90, "fields": {"day": "Thursday", "start_time": "10:40:00", "end_time": "11:50:00", "block_number": 3, "type": "primary", "workshop": 67, "students": []}}, {"model": "workshops.block", "pk": 91, "fields": {"day": "Thursday", "start_time": "12:30:00", "end_time": "13:30:00", "block_number": 4, "type": "primary", "workshop": 67, "students": []}}, {"model": "workshops.block", "pk": 92, "fields": {"day": "Thursday", "start_time": "13:50:00", "end_time": "14:40:00", "block_number": 5, "type": "primary", "workshop": 67, "students": []}}, {"model": "workshops.block", "pk": 93, "fields": {"day": "Friday", "start_time": "07:40:00", "end_time": "08:40:00", "block_number": 1, "type": "primary", "workshop": 67, "students": []}}, {"model": "workshops.block", "pk": 94, "fields": {"day": "Friday", "start_time": "09:10:00", "end_time": "10:20:00", "block_number": 2, "type": "primary", "workshop": 67, "students": []}}, {"model": "workshops.block", "pk": 95, "fields": {"day": "Friday", "start_time": "10:40:00", "end_time": "11:50:00", "block_number": 3, "type": "primary", "workshop": 67, "students": [10]}}, {"model": "workshops.block", "pk": 96, "fields": {"day": "Friday", "start_time": "12:20:00", "end_time": "13:20:00", "block_number": 4, "type": "primary", "workshop": 67, "students": []}}, {"model": "workshops.block", "pk": 97, "fields": {"day": "Monday", "start_time": "07:40:00", "end_time": "08:40:00", "block_number": 1, "type": "primary", "workshop": 68, "students": []}}, {"model": "workshops.block", "pk": 98, "fields": {"day": "Monday", "start_time": "09:10:00", "end_time": "10:20:00", "block_number": 2, "type": "primary", "workshop": 68, "students": []}}, {"model": "workshops.block", "pk": 99, "fields": {"day": "Monday", "start_time": "10:40:00", "end_time": "11:50:00", "block_number": 3, "type": "primary", "workshop": 68, "students": []}}, {"model": "workshops.block", "pk": 100, "fields": {"day": "Monday", "start_time": "12:30:00", "end_time": "13:30:00", "block_number": 4, "type": "primary", "workshop": 68, "students": []}}, {"model": "workshops.block", "pk": 101, "fields": {"day": "Monday", "start_time": "13:50:00", "end_time": "14:40:00", "block_number": 5, "type": "primary", "workshop": 68, "students": [2]}}, {"model": "workshops.block", "pk": 102, "fields": {"day": "Tuesday", "start_time": "07:40:00", "end_time": "08:40:00", "block_number": 1, "type": "primary", "workshop": 68, "students": []}}, {"model": "workshops.block", "pk": 103, "fields": {"day": "Tuesday", "start_time": "09:10:00", "end_time": "10:20:00", "block_number": 2, "type": "primary", "workshop": 68, "students": []}}, {"model": "workshops.block", "pk": 104, "fields": {"day": "Tuesday", "start_time": "10:40:00", "end_time": "11:50:00", "block_number": 3, "type": "primary", "workshop": 68, "students": []}}, {"model": "workshops.block", "pk": 105, "fields": {"day": "Tuesday", "start_time": "12:30:00", "end_time": "13:30:00", "block_number": 4, "type": "primary", "workshop": 68, "students": [2]}}, {"model": "workshops.block", "pk": 106, "fields": {"day": "Tuesday", "start_time": "13:50:00", "end_time": "14:40:00", "block_number": 5, "type": "primary", "workshop": 68, "students": []}}, {"model": "workshops.block", "pk": 107, "fields": {"day": "Wednesday", "start_time": "07:40:00", "end_time": "08:40:00", "block_number": 1, "type": "primary", "workshop": 68, "students": []}}, {"model": "workshops.block", "pk": 108, "fields": {"day": "Wednesday", "start_time": "09:10:00", "end_time": "10:20:00", "block_number": 2, "type": "primary", "workshop": 68, "students": []}}, {"model": "workshops.block", "pk": 109, "fields": {"day": "Wednesday", "start_time": "10:40:00", "end_time": "11:50:00", "block_number": 3, "type": "primary", "workshop": 68, "students": []}}, {"model": "workshops.block", "pk": 110, "fields": {"day": "Wednesday", "start_time": "12:30:00", "end_time": "13:30:00", "block_number": 4, "type": "primary", "workshop": 68, "students": []}}, {"model": "workshops.block", "pk": 111, "fields": {"day": "Wednesday", "start_time": "13:50:00", "end_time": "14:40:00", "block_number": 5, "type": "primary", "workshop": 68, "students": []}}, {"model": "workshops.block", "pk": 112, "fields": {"day": "Thursday", "start_time": "07:40:00", "end_time": "08:40:00", "block_number": 1, "type": "primary", "workshop": 68, "students": []}}, {"model": "workshops.block", "pk": 113, "fields": {"day": "Thursday", "start_time": "09:10:00", "end_time": "10:20:00", "block_number": 2, "type": "primary", "workshop": 68, "students": []}}, {"model": "workshops.block", "pk": 114, "fields": {"day": "Thursday", "start_time": "10:40:00", "end_time": "11:50:00", "block_number": 3, "type": "primary", "workshop": 68, "students": []}}, {"model": "workshops.block", "pk": 115, "fields": {"day": "Thursday", "start_time": "12:30:00", "end_time": "13:30:00", "block_number": 4, "type": "primary", "workshop": 68, "students": []}}, {"model": "workshops.block", "pk": 116, "fields": {"day": "Thursday", "start_time": "13:50:00", "end_time": "14:40:00", "block_number": 5, "type": "primary", "workshop": 68, "students": []}}, {"model": "workshops.block", "pk": 117, "fields": {"day": "Friday", "start_time": "07:40:00", "end_time": "08:40:00", "block_number": 1, "type": "primary", "workshop": 68, "students": [6]}}, {"model": "workshops.block", "pk": 118, "fields": {"day": "Friday", "start_time": "09:10:00", "end_time": "10:20:00", "block_number": 2, "type": "primary", "workshop": 68, "students": []}}, {"model": "workshops.block", "pk": 119, "fields": {"day": "Friday", "start_time": "10:40:00", "end_time": "11:50:00", "block_number": 3, "type": "primary", "workshop": 68, "students": []}}, {"model": "workshops.block", "pk": 120, "fields": {"day": "Friday", "start_time": "12:20:00", "end_time": "13:20:00", "block_number": 4, "type": "primary", "workshop": 68, "students": []}}, {"model": "workshops.block", "pk": 121, "fields": {"day": "Monday", "start_time": "07:40:00", "end_time": "08:40:00", "block_number": 1, "type": "primary", "workshop": 69, "students": [2, 4, 6, 8]}}, {"model": "workshops.block", "pk": 122, "fields": {"day": "Monday", "start_time": "09:10:00", "end_time": "10:20:00", "block_number": 2, "type": "primary", "workshop": 69, "students": []}}, {"model": "workshops.block", "pk": 123, "fields": {"day": "Monday", "start_time": "10:40:00", "end_time": "11:50:00", "block_number": 3, "type": "primary", "workshop": 69, "students": []}}, {"model": "workshops.block", "pk": 124, "fields": {"day": "Monday", "start_time": "12:30:00", "end_time": "13:30:00", "block_number": 4, "type": "primary", "workshop": 69, "students": []}}, {"model": "workshops.block", "pk": 125, "fields": {"day": "Monday", "start_time": "13:50:00", "end_time": "14:40:00", "block_number": 5, "type": "primary", "workshop": 69, "students": [6]}}, {"model": "workshops.block", "pk": 126, "fields": {"day": "Tuesday", "start_time": "07:40:00", "end_time": "08:40:00", "block_number": 1, "type": "primary", "workshop": 69, "students": [2]}}, {"model": "workshops.block", "pk": 127, "fields": {"day": "Tuesday", "start_time": "09:10:00", "end_time": "10:20:00", "block_number": 2, "type": "primary", "workshop": 69, "students": []}}, {"model": "workshops.block", "pk": 128, "fields": {"day": "Tuesday", "start_time": "10:40:00", "end_time": "11:50:00", "block_number": 3, "type": "primary", "workshop": 69, "students": []}}, {"model": "workshops.block", "pk": 129, "fields": {"day": "Tuesday", "start_time": "12:30:00", "end_time": "13:30:00", "block_number": 4, "type": "primary", "workshop": 69, "students": [6]}}, {"model": "workshops.block", "pk": 130, "fields": {"day": "Tuesday", "start_time": "13:50:00", "end_time": "14:40:00", "block_number": 5, "type": "primary", "workshop": 69, "students": []}}, {"model": "workshops.block", "pk": 131, "fields": {"day": "Wednesday", "start_time": "07:40:00", "end_time": "08:40:00", "block_number": 1, "type": "primary", "workshop": 69, "students": []}}, {"model": "workshops.block", "pk": 132, "fields": {"day": "Wednesday", "start_time": "09:10:00", "end_time": "10:20:00", "block_number": 2, "type": "primary", "workshop": 69, "students": []}}, {"model": "workshops.block", "pk": 133, "fields": {"day": "Wednesday", "start_time": "10:40:00", "end_time": "11:50:00", "block_number": 3, "type": "primary", "workshop": 69, "students": []}}, {"model": "workshops.block", "pk": 134, "fields": {"day": "Wednesday", "start_time": "12:30:00", "end_time": "13:30:00", "block_number": 4, "type": "primary", "workshop": 69, "students": []}}, {"model": "workshops.block", "pk": 135, "fields": {"day": "Wednesday", "start_time": "13:50:00", "end_time": "14:40:00", "block_number": 5, "type": "primary", "workshop": 69, "students": []}}, {"model": "workshops.block", "pk": 136, "fields": {"day": "Thursday", "start_time": "07:40:00", "end_time": "08:40:00", "block_number": 1, "type": "primary", "workshop": 69, "students": [2]}}, {"model": "workshops.block", "pk": 137, "fields": {"day": "Thursday", "start_time": "09:10:00", "end_time": "10:20:00", "block_number": 2, "type": "primary", "workshop": 69, "students": []}}, {"model": "workshops.block", "pk": 138, "fields": {"day": "Thursday", "start_time": "10:40:00", "end_time": "11:50:00", "block_number": 3, "type": "primary", "workshop": 69, "students": []}}, {"model": "workshops.block", "pk": 139, "fields": {"day": "Thursday", "start_time": "12:30:00", "end_time": "13:30:00", "block_number": 4, "type": "primary", "workshop": 69, "students": []}}, {"model": "workshops.block", "pk": 140, "fields": {"day": "Thursday", "start_time": "13:50:00", "end_time": "14:40:00", "block_number": 5, "type": "primary", "workshop": 69, "students": []}}, {"model": "workshops.block", "pk": 141, "fields": {"day": "Friday", "start_time": "07:40:00", "end_time": "08:40:00", "block_number": 1, "type": "primary", "workshop": 69, "students": [10]}}, {"model": "workshops.block", "pk": 142, "fields": {"day": "Friday", "start_time": "09:10:00", "end_time": "10:20:00", "block_number": 2, "type": "primary", "workshop": 69, "students": []}}, {"model": "workshops.block", "pk": 143, "fields": {"day": "Friday", "start_time": "10:40:00", "end_time": "11:50:00", "block_number": 3, "type": "primary", "workshop": 69, "students": []}}, {"model": "workshops.block", "pk": 144, "fields": {"day": "Friday", "start_time": "12:20:00", "end_time": "13:20:00", "block_number": 4, "type": "primary", "workshop": 69, "students": [10]}}, {"model": "workshops.block", "pk": 145, "fields": {"day": "Monday", "start_time": "07:40:00", "end_time": "08:40:00", "block_number": 1, "type": "primary", "workshop": 70, "students": []}}, {"model": "workshops.block", "pk": 146, "fields": {"day": "Monday", "start_time": "09:10:00", "end_time": "10:20:00", "block_number": 2, "type": "primary", "workshop": 70, "students": []}}, {"model": "workshops.block", "pk": 147, "fields": {"day": "Monday", "start_time": "10:40:00", "end_time": "11:50:00", "block_number": 3, "type": "primary", "workshop": 70, "students": []}}, {"model": "workshops.block", "pk": 148, "fields": {"day": "Monday", "start_time": "12:30:00", "end_time": "13:30:00", "block_number": 4, "type": "primary", "workshop": 70, "students": []}}, {"model": "workshops.block", "pk": 149, "fields": {"day": "Monday", "start_time": "13:50:00", "end_time": "14:40:00", "block_number": 5, "type": "primary", "workshop": 70, "students": []}}, {"model": "workshops.block", "pk": 150, "fields": {"day": "Tuesday", "start_time": "07:40:00", "end_time": "08:40:00", "block_number": 1, "type": "primary", "workshop": 70, "students": []}}, {"model": "workshops.block", "pk": 151, "fields": {"day": "Tuesday", "start_time": "09:10:00", "end_time": "10:20:00", "block_number": 2, "type": "primary", "workshop": 70, "students": []}}, {"model": "workshops.block", "pk": 152, "fields": {"day": "Tuesday", "start_time": "10:40:00", "end_time": "11:50:00", "block_number": 3, "type": "primary", "workshop": 70, "students": []}}, {"model": "workshops.block", "pk": 153, "fields": {"day": "Tuesday", "start_time": "12:30:00", "end_time": "13:30:00", "block_number": 4, "type": "primary", "workshop": 70, "students": []}}, {"model": "workshops.block", "pk": 154, "fields": {"day": "Tuesday", "start_time": "13:50:00", "end_time": "14:40:00", "block_number": 5, "type": "primary", "workshop": 70, "students": []}}, {"model": "workshops.block", "pk": 155, "fields": {"day": "Wednesday", "start_time": "07:40:00", "end_time": "08:40:00", "block_number": 1, "type": "primary", "workshop": 70, "students": []}}, {"model": "workshops.block", "pk": 156, "fields": {"day": "Wednesday", "start_time": "09:10:00", "end_time": "10:20:00", "block_number": 2, "type": "primary", "workshop": 70, "students": []}}, {"model": "workshops.block", "pk": 157, "fields": {"day": "Wednesday", "start_time": "10:40:00", "end_time": "11:50:00", "block_number": 3, "type": "primary", "workshop": 70, "students": [2]}}, {"model": "workshops.block", "pk": 158, "fields": {"day": "Wednesday", "start_time": "12:30:00", "end_time": "13:30:00", "block_number": 4, "type": "primary", "workshop": 70, "students": []}}, {"model": "workshops.block", "pk": 159, "fields": {"day": "Wednesday", "start_time": "13:50:00", "end_time": "14:40:00", "block_number": 5, "type": "primary", "workshop": 70, "students": []}}, {"model": "workshops.block", "pk": 160, "fields": {"day": "Thursday", "start_time": "07:40:00", "end_time": "08:40:00", "block_number": 1, "type": "primary", "workshop": 70, "students": []}}, {"model": "workshops.block", "pk": 161, "fields": {"day": "Thursday", "start_time": "09:10:00", "end_time": "10:20:00", "block_number": 2, "type": "primary", "workshop": 70, "students": []}}, {"model": "workshops.block", "pk": 162, "fields": {"day": "Thursday", "start_time": "10:40:00", "end_time": "11:50:00", "block_number": 3, "type": "primary", "workshop": 70, "students": []}}, {"model": "workshops.block", "pk": 163, "fields": {"day": "Thursday", "start_time": "12:30:00", "end_time": "13:30:00", "block_number": 4, "type": "primary", "workshop": 70, "students": []}}, {"model": "workshops.block", "pk": 164, "fields": {"day": "Thursday", "start_time": "13:50:00", "end_time": "14:40:00", "block_number": 5, "type": "primary", "workshop": 70, "students": []}}, {"model": "workshops.block", "pk": 165, "fields": {"day": "Friday", "start_time": "07:40:00", "end_time": "08:40:00", "block_number": 1, "type": "primary", "workshop": 70, "students": []}}, {"model": "workshops.block", "pk": 166, "fields": {"day": "Friday", "start_time": "09:10:00", "end_time": "10:20:00", "block_number": 2, "type": "primary", "workshop": 70, "students": []}}, {"model": "workshops.block", "pk": 167, "fields": {"day": "Friday", "start_time": "10:40:00", "end_time": "11:50:00", "block_number": 3, "type": "primary", "workshop": 70, "students": []}}, {"model": "workshops.block", "pk": 168, "fields": {"day": "Friday", "start_time": "12:20:00", "end_time": "13:20:00", "block_number": 4, "type": "primary", "workshop": 70, "students": []}}, {"model": "workshops.block", "pk": 169, "fields": {"day": "Monday", "start_time": "07:40:00", "end_time": "08:40:00", "block_number": 1, "type": "primary", "workshop": 71, "students": []}}, {"model": "workshops.block", "pk": 170, "fields": {"day": "Monday", "start_time": "09:10:00", "end_time": "10:20:00", "block_number": 2, "type": "primary", "workshop": 71, "students": []}}, {"model": "workshops.block", "pk": 171, "fields": {"day": "Monday", "start_time": "10:40:00", "end_time": "11:50:00", "block_number": 3, "type": "primary", "workshop": 71, "students": []}}, {"model": "workshops.block", "pk": 172, "fields": {"day": "Monday", "start_time": "12:30:00", "end_time": "13:30:00", "block_number": 4, "type": "primary", "workshop": 71, "students": []}}, {"model": "workshops.block", "pk": 173, "fields": {"day": "Monday", "start_time": "13:50:00", "end_time": "14:40:00", "block_number": 5, "type": "primary", "workshop": 71, "students": []}}, {"model": "workshops.block", "pk": 174, "fields": {"day": "Tuesday", "start_time": "07:40:00", "end_time": "08:40:00", "block_number": 1, "type": "primary", "workshop": 71, "students": []}}, {"model": "workshops.block", "pk": 175, "fields": {"day": "Tuesday", "start_time": "09:10:00", "end_time": "10:20:00", "block_number": 2, "type": "primary", "workshop": 71, "students": []}}, {"model": "workshops.block", "pk": 176, "fields": {"day": "Tuesday", "start_time": "10:40:00", "end_time": "11:50:00", "block_number": 3, "type": "primary", "workshop": 71, "students": []}}, {"model": "workshops.block", "pk": 177, "fields": {"day": "Tuesday", "start_time": "12:30:00", "end_time": "13:30:00", "block_number": 4, "type": "primary", "workshop": 71, "students": []}}, {"model": "workshops.block", "pk": 178, "fields": {"day": "Tuesday", "start_time": "13:50:00", "end_time": "14:40:00", "block_number": 5, "type": "primary", "workshop": 71, "students": []}}, {"model": "workshops.block", "pk": 179, "fields": {"day": "Wednesday", "start_time": "07:40:00", "end_time": "08:40:00", "block_number": 1, "type": "primary", "workshop": 71, "students": []}}, {"model": "workshops.block", "pk": 180, "fields": {"day": "Wednesday", "start_time": "09:10:00", "end_time": "10:20:00", "block_number": 2, "type": "primary", "workshop": 71, "students": []}}, {"model": "workshops.block", "pk": 181, "fields": {"day": "Wednesday", "start_time": "10:40:00", "end_time": "11:50:00", "block_number": 3, "type": "primary", "workshop": 71, "students": []}}, {"model": "workshops.block", "pk": 182, "fields": {"day": "Wednesday", "start_time": "12:30:00", "end_time": "13:30:00", "block_number": 4, "type": "primary", "workshop": 71, "students": []}}, {"model": "workshops.block", "pk": 183, "fields": {"day": "Wednesday", "start_time": "13:50:00", "end_time": "14:40:00", "block_number": 5, "type": "primary", "workshop": 71, "students": []}}, {"model": "workshops.block", "pk": 184, "fields": {"day": "Thursday", "start_time": "07:40:00", "end_time": "08:40:00", "block_number": 1, "type": "primary", "workshop": 71, "students": []}}, {"model": "workshops.block", "pk": 185, "fields": {"day": "Thursday", "start_time": "09:10:00", "end_time": "10:20:00", "block_number": 2, "type": "primary", "workshop": 71, "students": []}}, {"model": "workshops.block", "pk": 186, "fields": {"day": "Thursday", "start_time": "10:40:00", "end_time": "11:50:00", "block_number": 3, "type": "primary", "workshop": 71, "students": []}}, {"model": "workshops.block", "pk": 187, "fields": {"day": "Thursday", "start_time": "12:30:00", "end_time": "13:30:00", "block_number": 4, "type": "primary", "workshop": 71, "students": []}}, {"model": "workshops.block", "pk": 188, "fields": {"day": "Thursday", "start_time": "13:50:00", "end_time": "14:40:00", "block_number": 5, "type": "primary", "workshop": 71, "students": []}}, {"model": "workshops.block", "pk": 189, "fields": {"day": "Friday", "start_time": "07:40:00", "end_time": "08:40:00", "block_number": 1, "type": "primary", "workshop": 71, "students": []}}, {"model": "workshops.block", "pk": 190, "fields": {"day": "Friday", "start_time": "09:10:00", "end_time": "10:20:00", "block_number": 2, "type": "primary", "workshop": 71, "students": []}}, {"model": "workshops.block", "pk": 191, "fields": {"day": "Friday", "start_time": "10:40:00", "end_time": "11:50:00", "block_number": 3, "type": "primary", "workshop": 71, "students": []}}, {"model": "workshops.block", "pk": 192, "fields": {"day": "Friday", "start_time": "12:20:00", "end_time": "13:20:00", "block_number": 4, "type": "primary", "workshop": 71, "students": []}}, {"model": "workshops.block", "pk": 193, "fields": {"day": "Monday", "start_time": "07:40:00", "end_time": "08:40:00", "block_number": 1, "type": "primary", "workshop": 72, "students": [6, 8]}}, {"model": "workshops.block", "pk": 194, "fields": {"day": "Monday", "start_time": "09:10:00", "end_time": "10:20:00", "block_number": 2, "type": "primary", "workshop": 72, "students": []}}, {"model": "workshops.block", "pk": 195, "fields": {"day": "Monday", "start_time": "10:40:00", "end_time": "11:50:00", "block_number": 3, "type": "primary", "workshop": 72, "students": []}}, {"model": "workshops.block", "pk": 196, "fields": {"day": "Monday", "start_time": "12:30:00", "end_time": "13:30:00", "block_number": 4, "type": "primary", "workshop": 72, "students": []}}, {"model": "workshops.block", "pk": 197, "fields": {"day": "Monday", "start_time": "13:50:00", "end_time": "14:40:00", "block_number": 5, "type": "primary", "workshop": 72, "students": []}}, {"model": "workshops.block", "pk": 198, "fields": {"day": "Tuesday", "start_time": "07:40:00", "end_time": "08:40:00", "block_number": 1, "type": "primary", "workshop": 72, "students": []}}, {"model": "workshops.block", "pk": 199, "fields": {"day": "Tuesday", "start_time": "09:10:00", "end_time": "10:20:00", "block_number": 2, "type": "primary", "workshop": 72, "students": []}}, {"model": "workshops.block", "pk": 200, "fields": {"day": "Tuesday", "start_time": "10:40:00", "end_time": "11:50:00", "block_number": 3, "type": "primary", "workshop": 72, "students": []}}, {"model": "workshops.block", "pk": 201, "fields": {"day": "Tuesday", "start_time": "12:30:00", "end_time": "13:30:00", "block_number": 4, "type": "primary", "workshop": 72, "students": []}}, {"model": "workshops.block", "pk": 202, "fields": {"day": "Tuesday", "start_time": "13:50:00", "end_time": "14:40:00", "block_number": 5, "type": "primary", "workshop": 72, "students": []}}, {"model": "workshops.block", "pk": 203, "fields": {"day": "Wednesday", "start_time": "07:40:00", "end_time": "08:40:00", "block_number": 1, "type": "primary", "workshop": 72, "students": []}}, {"model": "workshops.block", "pk": 204, "fields": {"day": "Wednesday", "start_time": "09:10:00", "end_time": "10:20:00", "block_number": 2, "type": "primary", "workshop": 72, "students": []}}, {"model": "workshops.block", "pk": 205, "fields": {"day": "Wednesday", "start_time": "10:40:00", "end_time": "11:50:00", "block_number": 3, "type": "primary", "workshop": 72, "students": []}}, {"model": "workshops.block", "pk": 206, "fields": {"day": "Wednesday", "start_time": "12:30:00", "end_time": "13:30:00", "block_number": 4, "type": "primary", "workshop": 72, "students": []}}, {"model": "workshops.block", "pk": 207, "fields": {"day": "Wednesday", "start_time": "13:50:00", "end_time": "14:40:00", "block_number": 5, "type": "primary", "workshop": 72, "students": []}}, {"model": "workshops.block", "pk": 208, "fields": {"day": "Thursday", "start_time": "07:40:00", "end_time": "08:40:00", "block_number": 1, "type": "primary", "workshop": 72, "students": []}}, {"model": "workshops.block", "pk": 209, "fields": {"day": "Thursday", "start_time": "09:10:00", "end_time": "10:20:00", "block_number": 2, "type": "primary", "workshop": 72, "students": []}}, {"model": "workshops.block", "pk": 210, "fields": {"day": "Thursday", "start_time": "10:40:00", "end_time": "11:50:00", "block_number": 3, "type": "primary", "workshop": 72, "students": []}}, {"model": "workshops.block", "pk": 211, "fields": {"day": "Thursday", "start_time": "12:30:00", "end_time": "13:30:00", "block_number": 4, "type": "primary", "workshop": 72, "students": []}}, {"model": "workshops.block", "pk": 212, "fields": {"day": "Thursday", "start_time": "13:50:00", "end_time": "14:40:00", "block_number": 5, "type": "primary", "workshop": 72, "students": []}}, {"model": "workshops.block", "pk": 213, "fields": {"day": "Friday", "start_time": "07:40:00", "end_time": "08:40:00", "block_number": 1, "type": "primary", "workshop": 72, "students": []}}, {"model": "workshops.block", "pk": 214, "fields": {"day": "Friday", "start_time": "09:10:00", "end_time": "10:20:00", "block_number": 2, "type": "primary", "workshop": 72, "students": []}}, {"model": "workshops.block", "pk": 215, "fields": {"day": "Friday", "start_time": "10:40:00", "end_time": "11:50:00", "block_number": 3, "type": "primary", "workshop": 72, "students": []}}, {"model": "workshops.block", "pk": 216, "fields": {"day": "Friday", "start_time": "12:20:00", "end_time": "13:20:00", "block_number": 4, "type": "primary", "workshop": 72, "students": []}}, {"model": "workshops.block", "pk": 217, "fields": {"day": "Monday", "start_time": "07:40:00", "end_time": "08:40:00", "block_number": 1, "type": "primary", "workshop": 73, "students": []}}, {"model": "workshops.block", "pk": 218, "fields": {"day": "Monday", "start_time": "09:10:00", "end_time": "10:20:00", "block_number": 2, "type": "primary", "workshop": 73, "students": []}}, {"model": "workshops.block", "pk": 219, "fields": {"day": "Monday", "start_time": "10:40:00", "end_time": "11:50:00", "block_number": 3, "type": "primary", "workshop": 73, "students": []}}, {"model": "workshops.block", "pk": 220, "fields": {"day": "Monday", "start_time": "12:30:00", "end_time": "13:30:00", "block_number": 4, "type": "primary", "workshop": 73, "students": []}}, {"model": "workshops.block", "pk": 221, "fields": {"day": "Monday", "start_time": "13:50:00", "end_time": "14:40:00", "block_number": 5, "type": "primary", "workshop": 73, "students": []}}, {"model": "workshops.block", "pk": 222, "fields": {"day": "Tuesday", "start_time": "07:40:00", "end_time": "08:40:00", "block_number": 1, "type": "primary", "workshop": 73, "students": []}}, {"model": "workshops.block", "pk": 223, "fields": {"day": "Tuesday", "start_time": "09:10:00", "end_time": "10:20:00", "block_number": 2, "type": "primary", "workshop": 73, "students": []}}, {"model": "workshops.block", "pk": 224, "fields": {"day": "Tuesday", "start_time": "10:40:00", "end_time": "11:50:00", "block_number": 3, "type": "primary", "workshop": 73, "students": []}}, {"model": "workshops.block", "pk": 225, "fields": {"day": "Tuesday", "start_time": "12:30:00", "end_time": "13:30:00", "block_number": 4, "type": "primary", "workshop": 73, "students": []}}, {"model": "workshops.block", "pk": 226, "fields": {"day": "Tuesday", "start_time": "13:50:00", "end_time": "14:40:00", "block_number": 5, "type": "primary", "workshop": 73, "students": []}}, {"model": "workshops.block", "pk": 227, "fields": {"day": "Wednesday", "start_time": "07:40:00", "end_time": "08:40:00", "block_number": 1, "type": "primary", "workshop": 73, "students": []}}, {"model": "workshops.block", "pk": 228, "fields": {"day": "Wednesday", "start_time": "09:10:00", "end_time": "10:20:00", "block_number": 2, "type": "primary", "workshop": 73, "students": []}}, {"model": "workshops.block", "pk": 229, "fields": {"day": "Wednesday", "start_time": "10:40:00", "end_time": "11:50:00", "block_number": 3, "type": "primary", "workshop": 73, "students": []}}, {"model": "workshops.block", "pk": 230, "fields": {"day": "Wednesday", "start_time": "12:30:00", "end_time": "13:30:00", "block_number": 4, "type": "primary", "workshop": 73, "students": []}}, {"model": "workshops.block", "pk": 231, "fields": {"day": "Wednesday", "start_time": "13:50:00", "end_time": "14:40:00", "block_number": 5, "type": "primary", "workshop": 73, "students": []}}, {"model": "workshops.block", "pk": 232, "fields": {"day": "Thursday", "start_time": "07:40:00", "end_time": "08:40:00", "block_number": 1, "type": "primary", "workshop": 73, "students": []}}, {"model": "workshops.block", "pk": 233, "fields": {"day": "Thursday", "start_time": "09:10:00", "end_time": "10:20:00", "block_number": 2, "type": "primary", "workshop": 73, "students": []}}, {"model": "workshops.block", "pk": 234, "fields": {"day": "Thursday", "start_time": "10:40:00", "end_time": "11:50:00", "block_number": 3, "type": "primary", "workshop": 73, "students": []}}, {"model": "workshops.block", "pk": 235, "fields": {"day": "Thursday", "start_time": "12:30:00", "end_time": "13:30:00", "block_number": 4, "type": "primary", "workshop": 73, "students": []}}, {"model": "workshops.block", "pk": 236, "fields": {"day": "Thursday", "start_time": "13:50:00", "end_time": "14:40:00", "block_number": 5, "type": "primary", "workshop": 73, "students": []}}, {"model": "workshops.block", "pk": 237, "fields": {"day": "Friday", "start_time": "07:40:00", "end_time": "08:40:00", "block_number": 1, "type": "primary", "workshop": 73, "students": []}}, {"model": "workshops.block", "pk": 238, "fields": {"day": "Friday", "start_time": "09:10:00", "end_time": "10:20:00", "block_number": 2, "type": "primary", "workshop": 73, "students": []}}, {"model": "workshops.block", "pk": 239, "fields": {"day": "Friday", "start_time": "10:40:00", "end_time": "11:50:00", "block_number": 3, "type": "primary", "workshop": 73, "students": []}}, {"model": "workshops.block", "pk": 240, "fields": {"day": "Friday", "start_time": "12:20:00", "end_time": "13:20:00", "block_number": 4, "type": "primary", "workshop": 73, "students": []}}, {"model": "workshops.block", "pk": 241, "fields": {"day": "Monday", "start_time": "07:40:00", "end_time": "08:40:00", "block_number": 1, "type": "primary", "workshop": 74, "students": []}}, {"model": "workshops.block", "pk": 242, "fields": {"day": "Monday", "start_time": "09:10:00", "end_time": "10:20:00", "block_number": 2, "type": "primary", "workshop": 74, "students": []}}, {"model": "workshops.block", "pk": 243, "fields": {"day": "Monday", "start_time": "10:40:00", "end_time": "11:50:00", "block_number": 3, "type": "primary", "workshop": 74, "students": []}}, {"model": "workshops.block", "pk": 244, "fields": {"day": "Monday", "start_time": "12:30:00", "end_time": "13:30:00", "block_number": 4, "type": "primary", "workshop": 74, "students": []}}, {"model": "workshops.block", "pk": 245, "fields": {"day": "Monday", "start_time": "13:50:00", "end_time": "14:40:00", "block_number": 5, "type": "primary", "workshop": 74, "students": []}}, {"model": "workshops.block", "pk": 246, "fields": {"day": "Tuesday", "start_time": "07:40:00", "end_time": "08:40:00", "block_number": 1, "type": "primary", "workshop": 74, "students": []}}, {"model": "workshops.block", "pk": 247, "fields": {"day": "Tuesday", "start_time": "09:10:00", "end_time": "10:20:00", "block_number": 2, "type": "primary", "workshop": 74, "students": []}}, {"model": "workshops.block", "pk": 248, "fields": {"day": "Tuesday", "start_time": "10:40:00", "end_time": "11:50:00", "block_number": 3, "type": "primary", "workshop": 74, "students": []}}, {"model": "workshops.block", "pk": 249, "fields": {"day": "Tuesday", "start_time": "12:30:00", "end_time": "13:30:00", "block_number": 4, "type": "primary", "workshop": 74, "students": []}}, {"model": "workshops.block", "pk": 250, "fields": {"day": "Tuesday", "start_time": "13:50:00", "end_time": "14:40:00", "block_number": 5, "type": "primary", "workshop": 74, "students": []}}, {"model": "workshops.block", "pk": 251, "fields": {"day": "Wednesday", "start_time": "07:40:00", "end_time": "08:40:00", "block_number": 1, "type": "primary", "workshop": 74, "students": []}}, {"model": "workshops.block", "pk": 252, "fields": {"day": "Wednesday", "start_time": "09:10:00", "end_time": "10:20:00", "block_number": 2, "type": "primary", "workshop": 74, "students": []}}, {"model": "workshops.block", "pk": 253, "fields": {"day": "Wednesday", "start_time": "10:40:00", "end_time": "11:50:00", "block_number": 3, "type": "primary", "workshop": 74, "students": []}}, {"model": "workshops.block", "pk": 254, "fields": {"day": "Wednesday", "start_time": "12:30:00", "end_time": "13:30:00", "block_number": 4, "type": "primary", "workshop": 74, "students": []}}, {"model": "workshops.block", "pk": 255, "fields": {"day": "Wednesday", "start_time": "13:50:00", "end_time": "14:40:00", "block_number": 5, "type": "primary", "workshop": 74, "students": []}}, {"model": "workshops.block", "pk": 256, "fields": {"day": "Thursday", "start_time": "07:40:00", "end_time": "08:40:00", "block_number": 1, "type": "primary", "workshop": 74, "students": []}}, {"model": "workshops.block", "pk": 257, "fields": {"day": "Thursday", "start_time": "09:10:00", "end_time": "10:20:00", "block_number": 2, "type": "primary", "workshop": 74, "students": []}}, {"model": "workshops.block", "pk": 258, "fields": {"day": "Thursday", "start_time": "10:40:00", "end_time": "11:50:00", "block_number": 3, "type": "primary", "workshop": 74, "students": []}}, {"model": "workshops.block", "pk": 259, "fields": {"day": "Thursday", "start_time": "12:30:00", "end_time": "13:30:00", "block_number": 4, "type": "primary", "workshop": 74, "students": []}}, {"model": "workshops.block", "pk": 260, "fields": {"day": "Thursday", "start_time": "13:50:00", "end_time": "14:40:00", "block_number": 5, "type": "primary", "workshop": 74, "students": []}}, {"model": "workshops.block", "pk": 261, "fields": {"day": "Friday", "start_time": "07:40:00", "end_time": "08:40:00", "block_number": 1, "type": "primary", "workshop": 74, "students": []}}, {"model": "workshops.block", "pk": 262, "fields": {"day": "Friday", "start_time": "09:10:00", "end_time": "10:20:00", "block_number": 2, "type": "primary", "workshop": 74, "students": []}}, {"model": "workshops.block", "pk": 263, "fields": {"day": "Friday", "start_time": "10:40:00", "end_time": "11:50:00", "block_number": 3, "type": "primary", "workshop": 74, "students": []}}, {"model": "workshops.block", "pk": 264, "fields": {"day": "Friday", "start_time": "12:20:00", "end_time": "13:20:00", "block_number": 4, "type": "primary", "workshop": 74, "students": []}}, {"model": "workshops.block", "pk": 351, "fields": {"day": "Monday", "start_time": "07:40:00", "end_time": "09:10:00", "block_number": 1, "type": "high_school", "workshop": 78, "students": [1, 3, 9]}}, {"model": "workshops.block", "pk": 352, "fields": {"day": "Monday", "start_time": "09:40:00", "end_time": "11:00:00", "block_number": 2, "type": "high_school", "workshop": 78, "students": []}}, {"model": "workshops.block", "pk": 353, "fields": {"day": "Monday", "start_time": "11:20:00", "end_time": "12:40:00", "block_number": 3, "type": "high_school", "workshop": 78, "students": []}}, {"model": "workshops.block", "pk": 354, "fields": {"day": "Monday", "start_time": "13:20:00", "end_time": "14:40:00", "block_number": 4, "type": "high_school", "workshop": 78, "students": [3]}}, {"model": "workshops.block", "pk": 355, "fields": {"day": "Tuesday", "start_time": "07:40:00", "end_time": "09:10:00", "block_number": 1, "type": "high_school", "workshop": 78, "students": [1, 3]}}, {"model": "workshops.block", "pk": 356, "fields": {"day": "Tuesday", "start_time": "09:40:00", "end_time": "11:00:00", "block_number": 2, "type": "high_school", "workshop": 78, "students": [1]}}, {"model": "workshops.block", "pk": 357, "fields": {"day": "Tuesday", "start_time": "11:20:00", "end_time": "12:40:00", "block_number": 3, "type": "high_school", "workshop": 78, "students": []}}, {"model": "workshops.block", "pk": 358, "fields": {"day": "Tuesday", "start_time": "13:20:00", "end_time": "14:40:00", "block_number": 4, "type": "high_school", "workshop": 78, "students": []}}, {"model": "workshops.block", "pk": 359, "fields": {"day": "Wednesday", "start_time": "07:40:00", "end_time": "09:10:00", "block_number": 1, "type": "high_school", "workshop": 78, "students": []}}, {"model": "workshops.block", "pk": 360, "fields": {"day": "Wednesday", "start_time": "09:40:00", "end_time": "11:00:00", "block_number": 2, "type": "high_school", "workshop": 78, "students": []}}, {"model": "workshops.block", "pk": 361, "fields": {"day": "Wednesday", "start_time": "11:20:00", "end_time": "12:40:00", "block_number": 3, "type": "high_school", "workshop": 78, "students": []}}, {"model": "workshops.block", "pk": 362, "fields": {"day": "Wednesday", "start_time": "13:20:00", "end_time": "14:40:00", "block_number": 4, "type": "high_school", "workshop": 78, "students": []}}, {"model": "workshops.block", "pk": 363, "fields": {"day": "Thursday", "start_time": "07:40:00", "end_time": "09:10:00", "block_number": 1, "type": "high_school", "workshop": 78, "students": []}}, {"model": "workshops.block", "pk": 364, "fields": {"day": "Thursday", "start_time": "09:40:00", "end_time": "11:00:00", "block_number": 2, "type": "high_school", "workshop": 78, "students": [3]}}, {"model": "workshops.block", "pk": 365, "fields": {"day": "Thursday", "start_time": "11:20:00", "end_time": "12:40:00", "block_number": 3, "type": "high_school", "workshop": 78, "students": []}}, {"model": "workshops.block", "pk": 366, "fields": {"day": "Thursday", "start_time": "13:20:00", "end_time": "14:40:00", "block_number": 4, "type": "high_school", "workshop": 78, "students": []}}, {"model": "workshops.block", "pk": 367, "fields": {"day": "Friday", "start_time": "07:40:00", "end_time": "09:10:00", "block_number": 1, "type": "high_school", "workshop": 78, "students": [1]}}, {"model": "workshops.block", "pk": 368, "fields": {"day": "Friday", "start_time": "09:50:00", "end_time": "11:20:00", "block_number": 2, "type": "high_school", "workshop": 78, "students": []}}, {"model": "workshops.block", "pk": 369, "fields": {"day": "Friday", "start_time": "11:50:00", "end_time": "13:20:00", "block_number": 3, "type": "high_school", "workshop": 78, "students": []}}, {"model": "workshops.block", "pk": 370, "fields": {"day": "Monday", "start_time": "07:40:00", "end_time": "09:10:00", "block_number": 1, "type": "high_school", "workshop": 79, "students": [1, 2]}}, {"model": "workshops.block", "pk": 371, "fields": {"day": "Monday", "start_time": "09:40:00", "end_time": "11:00:00", "block_number": 2, "type": "high_school", "workshop": 79, "students": []}}, {"model": "workshops.block", "pk": 372, "fields": {"day": "Monday", "start_time": "11:20:00", "end_time": "12:40:00", "block_number": 3, "type": "high_school", "workshop": 79, "students": []}}, {"model": "workshops.block", "pk": 373, "fields": {"day": "Monday", "start_time": "13:20:00", "end_time": "14:40:00", "block_number": 4, "type": "high_school", "workshop": 79, "students": []}}, {"model": "workshops.block", "pk": 374, "fields": {"day": "Tuesday", "start_time": "07:40:00", "end_time": "09:10:00", "block_number": 1, "type": "high_school", "workshop": 79, "students": []}}, {"model": "workshops.block", "pk": 375, "fields": {"day": "Tuesday", "start_time": "09:40:00", "end_time": "11:00:00", "block_number": 2, "type": "high_school", "workshop": 79, "students": []}}, {"model": "workshops.block", "pk": 376, "fields": {"day": "Tuesday", "start_time": "11:20:00", "end_time": "12:40:00", "block_number": 3, "type": "high_school", "workshop": 79, "students": [1]}}, {"model": "workshops.block", "pk": 377, "fields": {"day": "Tuesday", "start_time": "13:20:00", "end_time": "14:40:00", "block_number": 4, "type": "high_school", "workshop": 79, "students": []}}, {"model": "workshops.block", "pk": 378, "fields": {"day": "Wednesday", "start_time": "07:40:00", "end_time": "09:10:00", "block_number": 1, "type": "high_school", "workshop": 79, "students": []}}, {"model": "workshops.block", "pk": 379, "fields": {"day": "Wednesday", "start_time": "09:40:00", "end_time": "11:00:00", "block_number": 2, "type": "high_school", "workshop": 79, "students": []}}, {"model": "workshops.block", "pk": 380, "fields": {"day": "Wednesday", "start_time": "11:20:00", "end_time": "12:40:00", "block_number": 3, "type": "high_school", "workshop": 79, "students": []}}, {"model": "workshops.block", "pk": 381, "fields": {"day": "Wednesday", "start_time": "13:20:00", "end_time": "14:40:00", "block_number": 4, "type": "high_school", "workshop": 79, "students": []}}, {"model": "workshops.block", "pk": 382, "fields": {"day": "Thursday", "start_time": "07:40:00", "end_time": "09:10:00", "block_number": 1, "type": "high_school", "workshop": 79, "students": []}}, {"model": "workshops.block", "pk": 383, "fields": {"day": "Thursday", "start_time": "09:40:00", "end_time": "11:00:00", "block_number": 2, "type": "high_school", "workshop": 79, "students": []}}, {"model": "workshops.block", "pk": 384, "fields": {"day": "Thursday", "start_time": "11:20:00", "end_time": "12:40:00", "block_number": 3, "type": "high_school", "workshop": 79, "students": []}}, {"model": "workshops.block", "pk": 385, "fields": {"day": "Thursday", "start_time": "13:20:00", "end_time": "14:40:00", "block_number": 4, "type": "high_school", "workshop": 79, "students": []}}, {"model": "workshops.block", "pk": 386, "fields": {"day": "Friday", "start_time": "07:40:00", "end_time": "09:10:00", "block_number": 1, "type": "high_school", "workshop": 79, "students": []}}, {"model": "workshops.block", "pk": 387, "fields": {"day": "Friday", "start_time": "09:50:00", "end_time": "11:20:00", "block_number": 2, "type": "high_school", "workshop": 79, "students": []}}, {"model": "workshops.block", "pk": 388, "fields": {"day": "Friday", "start_time": "11:50:00", "end_time": "13:20:00", "block_number": 3, "type": "high_school", "workshop": 79, "students": []}}, {"model": "workshops.block", "pk": 389, "fields": {"day": "Monday", "start_time": "07:40:00", "end_time": "08:40:00", "block_number": 1, "type": "primary", "workshop": 79, "students": []}}, {"model": "workshops.block", "pk": 390, "fields": {"day": "Monday", "start_time": "09:10:00", "end_time": "10:20:00", "block_number": 2, "type": "primary", "workshop": 79, "students": []}}, {"model": "workshops.block", "pk": 391, "fields": {"day": "Monday", "start_time": "10:40:00", "end_time": "11:50:00", "block_number": 3, "type": "primary", "workshop": 79, "students": []}}, {"model": "workshops.block", "pk": 392, "fields": {"day": "Monday", "start_time": "12:30:00", "end_time": "13:30:00", "block_number": 4, "type": "primary", "workshop": 79, "students": []}}, {"model": "workshops.block", "pk": 393, "fields": {"day": "Monday", "start_time": "13:50:00", "end_time": "14:40:00", "block_number": 5, "type": "primary", "workshop": 79, "students": [10]}}, {"model": "workshops.block", "pk": 394, "fields": {"day": "Tuesday", "start_time": "07:40:00", "end_time": "08:40:00", "block_number": 1, "type": "primary", "workshop": 79, "students": []}}, {"model": "workshops.block", "pk": 395, "fields": {"day": "Tuesday", "start_time": "09:10:00", "end_time": "10:20:00", "block_number": 2, "type": "primary", "workshop": 79, "students": []}}, {"model": "workshops.block", "pk": 396, "fields": {"day": "Tuesday", "start_time": "10:40:00", "end_time": "11:50:00", "block_number": 3, "type": "primary", "workshop": 79, "students": []}}, {"model": "workshops.block", "pk": 397, "fields": {"day": "Tuesday", "start_time": "12:30:00", "end_time": "13:30:00", "block_number": 4, "type": "primary", "workshop": 79, "students": []}}, {"model": "workshops.block", "pk": 398, "fields": {"day": "Tuesday", "start_time": "13:50:00", "end_time": "14:40:00", "block_number": 5, "type": "primary", "workshop": 79, "students": []}}, {"model": "workshops.block", "pk": 399, "fields": {"day": "Wednesday", "start_time": "07:40:00", "end_time": "08:40:00", "block_number": 1, "type": "primary", "workshop": 79, "students": []}}, {"model": "workshops.block", "pk": 400, "fields": {"day": "Wednesday", "start_time": "09:10:00", "end_time": "10:20:00", "block_number": 2, "type": "primary", "workshop": 79, "students": []}}, {"model": "workshops.block", "pk": 401, "fields": {"day": "Wednesday", "start_time": "10:40:00", "end_time": "11:50:00", "block_number": 3, "type": "primary", "workshop": 79, "students": []}}, {"model": "workshops.block", "pk": 402, "fields": {"day": "Wednesday", "start_time": "12:30:00", "end_time": "13:30:00", "block_number": 4, "type": "primary", "workshop": 79, "students": []}}, {"model": "workshops.block", "pk": 403, "fields": {"day": "Wednesday", "start_time": "13:50:00", "end_time": "14:40:00", "block_number": 5, "type": "primary", "workshop": 79, "students": []}}, {"model": "workshops.block", "pk": 404, "fields": {"day": "Thursday", "start_time": "07:40:00", "end_time": "08:40:00", "block_number": 1, "type": "primary", "workshop": 79, "students": []}}, {"model": "workshops.block", "pk": 405, "fields": {"day": "Thursday", "start_time": "09:10:00", "end_time": "10:20:00", "block_number": 2, "type": "primary", "workshop": 79, "students": []}}, {"model": "workshops.block", "pk": 406, "fields": {"day": "Thursday", "start_time": "10:40:00", "end_time": "11:50:00", "block_number": 3, "type": "primary", "workshop": 79, "students": []}}, {"model": "workshops.block", "pk": 407, "fields": {"day": "Thursday", "start_time": "12:30:00", "end_time": "13:30:00", "block_number": 4, "type": "primary", "workshop": 79, "students": []}}, {"model": "workshops.block", "pk": 408, "fields": {"day": "Thursday", "start_time": "13:50:00", "end_time": "14:40:00", "block_number": 5, "type": "primary", "workshop": 79, "students": []}}, {"model": "workshops.block", "pk": 409, "fields": {"day": "Friday", "start_time": "07:40:00", "end_time": "08:40:00", "block_number": 1, "type": "primary", "workshop": 79, "students": []}}, {"model": "workshops.block", "pk": 410, "fields": {"day": "Friday", "start_time": "09:10:00", "end_time": "10:20:00", "block_number": 2, "type": "primary", "workshop": 79, "students": []}}, {"model": "workshops.block", "pk": 411, "fields": {"day": "Friday", "start_time": "10:40:00", "end_time": "11:50:00", "block_number": 3, "type": "primary", "workshop": 79, "students": []}}, {"model": "workshops.block", "pk": 412, "fields": {"day": "Friday", "start_time": "12:20:00", "end_time": "13:20:00", "block_number": 4, "type": "primary", "workshop": 79, "students": []}}, {"model": "workshops.block", "pk": 413, "fields": {"day": "Monday", "start_time": "07:40:00", "end_time": "09:10:00", "block_number": 1, "type": "high_school", "workshop": 80, "students": [1]}}, {"model": "workshops.block", "pk": 414, "fields": {"day": "Monday", "start_time": "09:40:00", "end_time": "11:00:00", "block_number": 2, "type": "high_school", "workshop": 80, "students": []}}, {"model": "workshops.block", "pk": 415, "fields": {"day": "Monday", "start_time": "11:20:00", "end_time": "12:40:00", "block_number": 3, "type": "high_school", "workshop": 80, "students": []}}, {"model": "workshops.block", "pk": 416, "fields": {"day": "Monday", "start_time": "13:20:00", "end_time": "14:40:00", "block_number": 4, "type": "high_school", "workshop": 80, "students": []}}, {"model": "workshops.block", "pk": 417, "fields": {"day": "Tuesday", "start_time": "07:40:00", "end_time": "09:10:00", "block_number": 1, "type": "high_school", "workshop": 80, "students": []}}, {"model": "workshops.block", "pk": 418, "fields": {"day": "Tuesday", "start_time": "09:40:00", "end_time": "11:00:00", "block_number": 2, "type": "high_school", "workshop": 80, "students": []}}, {"model": "workshops.block", "pk": 419, "fields": {"day": "Tuesday", "start_time": "11:20:00", "end_time": "12:40:00", "block_number": 3, "type": "high_school", "workshop": 80, "students": []}}, {"model": "workshops.block", "pk": 420, "fields": {"day": "Tuesday", "start_time": "13:20:00", "end_time": "14:40:00", "block_number": 4, "type": "high_school", "workshop": 80, "students": []}}, {"model": "workshops.block", "pk": 421, "fields": {"day": "Wednesday", "start_time": "07:40:00", "end_time": "09:10:00", "block_number": 1, "type": "high_school", "workshop": 80, "students": []}}, {"model": "workshops.block", "pk": 422, "fields": {"day": "Wednesday", "start_time": "09:40:00", "end_time": "11:00:00", "block_number": 2, "type": "high_school", "workshop": 80, "students": []}}, {"model": "workshops.block", "pk": 423, "fields": {"day": "Wednesday", "start_time": "11:20:00", "end_time": "12:40:00", "block_number": 3, "type": "high_school", "workshop": 80, "students": []}}, {"model": "workshops.block", "pk": 424, "fields": {"day": "Wednesday", "start_time": "13:20:00", "end_time": "14:40:00", "block_number": 4, "type": "high_school", "workshop": 80, "students": []}}, {"model": "workshops.block", "pk": 425, "fields": {"day": "Thursday", "start_time": "07:40:00", "end_time": "09:10:00", "block_number": 1, "type": "high_school", "workshop": 80, "students": []}}, {"model": "workshops.block", "pk": 426, "fields": {"day": "Thursday", "start_time": "09:40:00", "end_time": "11:00:00", "block_number": 2, "type": "high_school", "workshop": 80, "students": []}}, {"model": "workshops.block", "pk": 427, "fields": {"day": "Thursday", "start_time": "11:20:00", "end_time": "12:40:00", "block_number": 3, "type": "high_school", "workshop": 80, "students": []}}, {"model": "workshops.block", "pk": 428, "fields": {"day": "Thursday", "start_time": "13:20:00", "end_time": "14:40:00", "block_number": 4, "type": "high_school", "workshop": 80, "students": []}}, {"model": "workshops.block", "pk": 429, "fields": {"day": "Friday", "start_time": "07:40:00", "end_time": "09:10:00", "block_number": 1, "type": "high_school", "workshop": 80, "students": []}}, {"model": "workshops.block", "pk": 430, "fields": {"day": "Friday", "start_time": "09:50:00", "end_time": "11:20:00", "block_number": 2, "type": "high_school", "workshop": 80, "students": []}}, {"model": "workshops.block", "pk": 431, "fields": {"day": "Friday", "start_time": "11:50:00", "end_time": "13:20:00", "block_number": 3, "type": "high_school", "workshop": 80, "students": []}}, {"model": "workshops.block", "pk": 432, "fields": {"day": "Monday", "start_time": "07:40:00", "end_time": "09:10:00", "block_number": 1, "type": "high_school", "workshop": 81, "students": []}}, {"model": "workshops.block", "pk": 433, "fields": {"day": "Monday", "start_time": "09:40:00", "end_time": "11:00:00", "block_number": 2, "type": "high_school", "workshop": 81, "students": []}}, {"model": "workshops.block", "pk": 434, "fields": {"day": "Monday", "start_time": "11:20:00", "end_time": "12:40:00", "block_number": 3, "type": "high_school", "workshop": 81, "students": []}}, {"model": "workshops.block", "pk": 435, "fields": {"day": "Monday", "start_time": "13:20:00", "end_time": "14:40:00", "block_number": 4, "type": "high_school", "workshop": 81, "students": [10]}}, {"model": "workshops.block", "pk": 436, "fields": {"day": "Tuesday", "start_time": "07:40:00", "end_time": "09:10:00", "block_number": 1, "type": "high_school", "workshop": 81, "students": []}}, {"model": "workshops.block", "pk": 437, "fields": {"day": "Tuesday", "start_time": "09:40:00", "end_time": "11:00:00", "block_number": 2, "type": "high_school", "workshop": 81, "students": []}}, {"model": "workshops.block", "pk": 438, "fields": {"day": "Tuesday", "start_time": "11:20:00", "end_time": "12:40:00", "block_number": 3, "type": "high_school", "workshop": 81, "students": []}}, {"model": "workshops.block", "pk": 439, "fields": {"day": "Tuesday", "start_time": "13:20:00", "end_time": "14:40:00", "block_number": 4, "type": "high_school", "workshop": 81, "students": []}}, {"model": "workshops.block", "pk": 440, "fields": {"day": "Wednesday", "start_time": "07:40:00", "end_time": "09:10:00", "block_number": 1, "type": "high_school", "workshop": 81, "students": []}}, {"model": "workshops.block", "pk": 441, "fields": {"day": "Wednesday", "start_time": "09:40:00", "end_time": "11:00:00", "block_number": 2, "type": "high_school", "workshop": 81, "students": []}}, {"model": "workshops.block", "pk": 442, "fields": {"day": "Wednesday", "start_time": "11:20:00", "end_time": "12:40:00", "block_number": 3, "type": "high_school", "workshop": 81, "students": []}}, {"model": "workshops.block", "pk": 443, "fields": {"day": "Wednesday", "start_time": "13:20:00", "end_time": "14:40:00", "block_number": 4, "type": "high_school", "workshop": 81, "students": []}}, {"model": "workshops.block", "pk": 444, "fields": {"day": "Thursday", "start_time": "07:40:00", "end_time": "09:10:00", "block_number": 1, "type": "high_school", "workshop": 81, "students": []}}, {"model": "workshops.block", "pk": 445, "fields": {"day": "Thursday", "start_time": "09:40:00", "end_time": "11:00:00", "block_number": 2, "type": "high_school", "workshop": 81, "students": []}}, {"model": "workshops.block", "pk": 446, "fields": {"day": "Thursday", "start_time": "11:20:00", "end_time": "12:40:00", "block_number": 3, "type": "high_school", "workshop": 81, "students": []}}, {"model": "workshops.block", "pk": 447, "fields": {"day": "Thursday", "start_time": "13:20:00", "end_time": "14:40:00", "block_number": 4, "type": "high_school", "workshop": 81, "students": []}}, {"model": "workshops.block", "pk": 448, "fields": {"day": "Friday", "start_time": "07:40:00", "end_time": "09:10:00", "block_number": 1, "type": "high_school", "workshop": 81, "students": []}}, {"model": "workshops.block", "pk": 449, "fields": {"day": "Friday", "start_time": "09:50:00", "end_time": "11:20:00", "block_number": 2, "type": "high_school", "workshop": 81, "students": []}}, {"model": "workshops.block", "pk": 450, "fields": {"day": "Friday", "start_time": "11:50:00", "end_time": "13:20:00", "block_number": 3, "type": "high_school", "workshop": 81, "students": []}}, {"model": "workshops.block", "pk": 451, "fields": {"day": "Monday", "start_time": "07:40:00", "end_time": "08:40:00", "block_number": 1, "type": "primary", "workshop": 81, "students": []}}, {"model": "workshops.block", "pk": 452, "fields": {"day": "Monday", "start_time": "09:10:00", "end_time": "10:20:00", "block_number": 2, "type": "primary", "workshop": 81, "students": []}}, {"model": "workshops.block", "pk": 453, "fields": {"day": "Monday", "start_time": "10:40:00", "end_time": "11:50:00", "block_number": 3, "type": "primary", "workshop": 81, "students": []}}, {"model": "workshops.block", "pk": 454, "fields": {"day": "Monday", "start_time": "12:30:00", "end_time": "13:30:00", "block_number": 4, "type": "primary", "workshop": 81, "students": []}}, {"model": "workshops.block", "pk": 455, "fields": {"day": "Monday", "start_time": "13:50:00", "end_time": "14:40:00", "block_number": 5, "type": "primary", "workshop": 81, "students": []}}, {"model": "workshops.block", "pk": 456, "fields": {"day": "Tuesday", "start_time": "07:40:00", "end_time": "08:40:00", "block_number": 1, "type": "primary", "workshop": 81, "students": []}}, {"model": "workshops.block", "pk": 457, "fields": {"day": "Tuesday", "start_time": "09:10:00", "end_time": "10:20:00", "block_number": 2, "type": "primary", "workshop": 81, "students": []}}, {"model": "workshops.block", "pk": 458, "fields": {"day": "Tuesday", "start_time": "10:40:00", "end_time": "11:50:00", "block_number": 3, "type": "primary", "workshop": 81, "students": []}}, {"model": "workshops.block", "pk": 459, "fields": {"day": "Tuesday", "start_time": "12:30:00", "end_time": "13:30:00", "block_number": 4, "type": "primary", "workshop": 81, "students": []}}, {"model": "workshops.block", "pk": 460, "fields": {"day": "Tuesday", "start_time": "13:50:00", "end_time": "14:40:00", "block_number": 5, "type": "primary", "workshop": 81, "students": []}}, {"model": "workshops.block", "pk": 461, "fields": {"day": "Wednesday", "start_time": "07:40:00", "end_time": "08:40:00", "block_number": 1, "type": "primary", "workshop": 81, "students": []}}, {"model": "workshops.block", "pk": 462, "fields": {"day": "Wednesday", "start_time": "09:10:00", "end_time": "10:20:00", "block_number": 2, "type": "primary", "workshop": 81, "students": []}}, {"model": "workshops.block", "pk": 463, "fields": {"day": "Wednesday", "start_time": "10:40:00", "end_time": "11:50:00", "block_number": 3, "type": "primary", "workshop": 81, "students": []}}, {"model": "workshops.block", "pk": 464, "fields": {"day": "Wednesday", "start_time": "12:30:00", "end_time": "13:30:00", "block_number": 4, "type": "primary", "workshop": 81, "students": []}}, {"model": "workshops.block", "pk": 465, "fields": {"day": "Wednesday", "start_time": "13:50:00", "end_time": "14:40:00", "block_number": 5, "type": "primary", "workshop": 81, "students": []}}, {"model": "workshops.block", "pk": 466, "fields": {"day": "Thursday", "start_time": "07:40:00", "end_time": "08:40:00", "block_number": 1, "type": "primary", "workshop": 81, "students": []}}, {"model": "workshops.block", "pk": 467, "fields": {"day": "Thursday", "start_time": "09:10:00", "end_time": "10:20:00", "block_number": 2, "type": "primary", "workshop": 81, "students": []}}, {"model": "workshops.block", "pk": 468, "fields": {"day": "Thursday", "start_time": "10:40:00", "end_time": "11:50:00", "block_number": 3, "type": "primary", "workshop": 81, "students": []}}, {"model": "workshops.block", "pk": 469, "fields": {"day": "Thursday", "start_time": "12:30:00", "end_time": "13:30:00", "block_number": 4, "type": "primary", "workshop": 81, "students": []}}, {"model": "workshops.block", "pk": 470, "fields": {"day": "Thursday", "start_time": "13:50:00", "end_time": "14:40:00", "block_number": 5, "type": "primary", "workshop": 81, "students": []}}, {"model": "workshops.block", "pk": 471, "fields": {"day": "Friday", "start_time": "07:40:00", "end_time": "08:40:00", "block_number": 1, "type": "primary", "workshop": 81, "students": []}}, {"model": "workshops.block", "pk": 472, "fields": {"day": "Friday", "start_time": "09:10:00", "end_time": "10:20:00", "block_number": 2, "type": "primary", "workshop": 81, "students": []}}, {"model": "workshops.block", "pk": 473, "fields": {"day": "Friday", "start_time": "10:40:00", "end_time": "11:50:00", "block_number": 3, "type": "primary", "workshop": 81, "students": []}}, {"model": "workshops.block", "pk": 474, "fields": {"day": "Friday", "start_time": "12:20:00", "end_time": "13:20:00", "block_number": 4, "type": "primary", "workshop": 81, "students": []}}, {"model": "workshops.block", "pk": 475, "fields": {"day": "Monday", "start_time": "07:40:00", "end_time": "09:10:00", "block_number": 1, "type": "high_school", "workshop": 82, "students": []}}, {"model": "workshops.block", "pk": 476, "fields": {"day": "Monday", "start_time": "09:40:00", "end_time": "11:00:00", "block_number": 2, "type": "high_school", "workshop": 82, "students": [1]}}, {"model": "workshops.block", "pk": 477, "fields": {"day": "Monday", "start_time": "11:20:00", "end_time": "12:40:00", "block_number": 3, "type": "high_school", "workshop": 82, "students": []}}, {"model": "workshops.block", "pk": 478, "fields": {"day": "Monday", "start_time": "13:20:00", "end_time": "14:40:00", "block_number": 4, "type": "high_school", "workshop": 82, "students": []}}, {"model": "workshops.block", "pk": 479, "fields": {"day": "Tuesday", "start_time": "07:40:00", "end_time": "09:10:00", "block_number": 1, "type": "high_school", "workshop": 82, "students": []}}, {"model": "workshops.block", "pk": 480, "fields": {"day": "Tuesday", "start_time": "09:40:00", "end_time": "11:00:00", "block_number": 2, "type": "high_school", "workshop": 82, "students": []}}, {"model": "workshops.block", "pk": 481, "fields": {"day": "Tuesday", "start_time": "11:20:00", "end_time": "12:40:00", "block_number": 3, "type": "high_school", "workshop": 82, "students": []}}, {"model": "workshops.block", "pk": 482, "fields": {"day": "Tuesday", "start_time": "13:20:00", "end_time": "14:40:00", "block_number": 4, "type": "high_school", "workshop": 82, "students": []}}, {"model": "workshops.block", "pk": 483, "fields": {"day": "Wednesday", "start_time": "07:40:00", "end_time": "09:10:00", "block_number": 1, "type": "high_school", "workshop": 82, "students": []}}, {"model": "workshops.block", "pk": 484, "fields": {"day": "Wednesday", "start_time": "09:40:00", "end_time": "11:00:00", "block_number": 2, "type": "high_school", "workshop": 82, "students": []}}, {"model": "workshops.block", "pk": 485, "fields": {"day": "Wednesday", "start_time": "11:20:00", "end_time": "12:40:00", "block_number": 3, "type": "high_school", "workshop": 82, "students": []}}, {"model": "workshops.block", "pk": 486, "fields": {"day": "Wednesday", "start_time": "13:20:00", "end_time": "14:40:00", "block_number": 4, "type": "high_school", "workshop": 82, "students": []}}, {"model": "workshops.block", "pk": 487, "fields": {"day": "Thursday", "start_time": "07:40:00", "end_time": "09:10:00", "block_number": 1, "type": "high_school", "workshop": 82, "students": []}}, {"model": "workshops.block", "pk": 488, "fields": {"day": "Thursday", "start_time": "09:40:00", "end_time": "11:00:00", "block_number": 2, "type": "high_school", "workshop": 82, "students": []}}, {"model": "workshops.block", "pk": 489, "fields": {"day": "Thursday", "start_time": "11:20:00", "end_time": "12:40:00", "block_number": 3, "type": "high_school", "workshop": 82, "students": []}}, {"model": "workshops.block", "pk": 490, "fields": {"day": "Thursday", "start_time": "13:20:00", "end_time": "14:40:00", "block_number": 4, "type": "high_school", "workshop": 82, "students": []}}, {"model": "workshops.block", "pk": 491, "fields": {"day": "Friday", "start_time": "07:40:00", "end_time": "09:10:00", "block_number": 1, "type": "high_school", "workshop": 82, "students": []}}, {"model": "workshops.block", "pk": 492, "fields": {"day": "Friday", "start_time": "09:50:00", "end_time": "11:20:00", "block_number": 2, "type": "high_school", "workshop": 82, "students": []}}, {"model": "workshops.block", "pk": 493, "fields": {"day": "Friday", "start_time": "11:50:00", "end_time": "13:20:00", "block_number": 3, "type": "high_school", "workshop": 82, "students": []}}, {"model": "workshops.block", "pk": 494, "fields": {"day": "Monday", "start_time": "07:40:00", "end_time": "09:10:00", "block_number": 1, "type": "high_school", "workshop": 83, "students": [1]}}, {"model": "workshops.block", "pk": 495, "fields": {"day": "Monday", "start_time": "09:40:00", "end_time": "11:00:00", "block_number": 2, "type": "high_school", "workshop": 83, "students": []}}, {"model": "workshops.block", "pk": 496, "fields": {"day": "Monday", "start_time": "11:20:00", "end_time": "12:40:00", "block_number": 3, "type": "high_school", "workshop": 83, "students": []}}, {"model": "workshops.block", "pk": 497, "fields": {"day": "Monday", "start_time": "13:20:00", "end_time": "14:40:00", "block_number": 4, "type": "high_school", "workshop": 83, "students": [1]}}, {"model": "workshops.block", "pk": 498, "fields": {"day": "Tuesday", "start_time": "07:40:00", "end_time": "09:10:00", "block_number": 1, "type": "high_school", "workshop": 83, "students": []}}, {"model": "workshops.block", "pk": 499, "fields": {"day": "Tuesday", "start_time": "09:40:00", "end_time": "11:00:00", "block_number": 2, "type": "high_school", "workshop": 83, "students": []}}, {"model": "workshops.block", "pk": 500, "fields": {"day": "Tuesday", "start_time": "11:20:00", "end_time": "12:40:00", "block_number": 3, "type": "high_school", "workshop": 83, "students": []}}, {"model": "workshops.block", "pk": 501, "fields": {"day": "Tuesday", "start_time": "13:20:00", "end_time": "14:40:00", "block_number": 4, "type": "high_school", "workshop": 83, "students": []}}, {"model": "workshops.block", "pk": 502, "fields": {"day": "Wednesday", "start_time": "07:40:00", "end_time": "09:10:00", "block_number": 1, "type": "high_school", "workshop": 83, "students": []}}, {"model": "workshops.block", "pk": 503, "fields": {"day": "Wednesday", "start_time": "09:40:00", "end_time": "11:00:00", "block_number": 2, "type": "high_school", "workshop": 83, "students": []}}, {"model": "workshops.block", "pk": 504, "fields": {"day": "Wednesday", "start_time": "11:20:00", "end_time": "12:40:00", "block_number": 3, "type": "high_school", "workshop": 83, "students": []}}, {"model": "workshops.block", "pk": 505, "fields": {"day": "Wednesday", "start_time": "13:20:00", "end_time": "14:40:00", "block_number": 4, "type": "high_school", "workshop": 83, "students": []}}, {"model": "workshops.block", "pk": 506, "fields": {"day": "Thursday", "start_time": "07:40:00", "end_time": "09:10:00", "block_number": 1, "type": "high_school", "workshop": 83, "students": []}}, {"model": "workshops.block", "pk": 507, "fields": {"day": "Thursday", "start_time": "09:40:00", "end_time": "11:00:00", "block_number": 2, "type": "high_school", "workshop": 83, "students": []}}, {"model": "workshops.block", "pk": 508, "fields": {"day": "Thursday", "start_time": "11:20:00", "end_time": "12:40:00", "block_number": 3, "type": "high_school", "workshop": 83, "students": []}}, {"model": "workshops.block", "pk": 509, "fields": {"day": "Thursday", "start_time": "13:20:00", "end_time": "14:40:00", "block_number": 4, "type": "high_school", "workshop": 83, "students": []}}, {"model": "workshops.block", "pk": 510, "fields": {"day": "Friday", "start_time": "07:40:00", "end_time": "09:10:00", "block_number": 1, "type": "high_school", "workshop": 83, "students": []}}, {"model": "workshops.block", "pk": 511, "fields": {"day": "Friday", "start_time": "09:50:00", "end_time": "11:20:00", "block_number": 2, "type": "high_school", "workshop": 83, "students": []}}, {"model": "workshops.block", "pk": 512, "fields": {"day": "Friday", "start_time": "11:50:00", "end_time": "13:20:00", "block_number": 3, "type": "high_school", "workshop": 83, "students": []}}, {"model": "workshops.block", "pk": 513, "fields": {"day": "Monday", "start_time": "07:40:00", "end_time": "09:10:00", "block_number": 1, "type": "high_school", "workshop": 84, "students": [1, 9]}}, {"model": "workshops.block", "pk": 514, "fields": {"day": "Monday", "start_time": "09:40:00", "end_time": "11:00:00", "block_number": 2, "type": "high_school", "workshop": 84, "students": []}}, {"model": "workshops.block", "pk": 515, "fields": {"day": "Monday", "start_time": "11:20:00", "end_time": "12:40:00", "block_number": 3, "type": "high_school", "workshop": 84, "students": []}}, {"model": "workshops.block", "pk": 516, "fields": {"day": "Monday", "start_time": "13:20:00", "end_time": "14:40:00", "block_number": 4, "type": "high_school", "workshop": 84, "students": []}}, {"model": "workshops.block", "pk": 517, "fields": {"day": "Tuesday", "start_time": "07:40:00", "end_time": "09:10:00", "block_number": 1, "type": "high_school", "workshop": 84, "students": []}}, {"model": "workshops.block", "pk": 518, "fields": {"day": "Tuesday", "start_time": "09:40:00", "end_time": "11:00:00", "block_number": 2, "type": "high_school", "workshop": 84, "students": []}}, {"model": "workshops.block", "pk": 519, "fields": {"day": "Tuesday", "start_time": "11:20:00", "end_time": "12:40:00", "block_number": 3, "type": "high_school", "workshop": 84, "students": []}}, {"model": "workshops.block", "pk": 520, "fields": {"day": "Tuesday", "start_time": "13:20:00", "end_time": "14:40:00", "block_number": 4, "type": "high_school", "workshop": 84, "students": []}}, {"model": "workshops.block", "pk": 521, "fields": {"day": "Wednesday", "start_time": "07:40:00", "end_time": "09:10:00", "block_number": 1, "type": "high_school", "workshop": 84, "students": []}}, {"model": "workshops.block", "pk": 522, "fields": {"day": "Wednesday", "start_time": "09:40:00", "end_time": "11:00:00", "block_number": 2, "type": "high_school", "workshop": 84, "students": []}}, {"model": "workshops.block", "pk": 523, "fields": {"day": "Wednesday", "start_time": "11:20:00", "end_time": "12:40:00", "block_number": 3, "type": "high_school", "workshop": 84, "students": []}}, {"model": "workshops.block", "pk": 524, "fields": {"day": "Wednesday", "start_time": "13:20:00", "end_time": "14:40:00", "block_number": 4, "type": "high_school", "workshop": 84, "students": []}}, {"model": "workshops.block", "pk": 525, "fields": {"day": "Thursday", "start_time": "07:40:00", "end_time": "09:10:00", "block_number": 1, "type": "high_school", "workshop": 84, "students": []}}, {"model": "workshops.block", "pk": 526, "fields": {"day": "Thursday", "start_time": "09:40:00", "end_time": "11:00:00", "block_number": 2, "type": "high_school", "workshop": 84, "students": []}}, {"model": "workshops.block", "pk": 527, "fields": {"day": "Thursday", "start_time": "11:20:00", "end_time": "12:40:00", "block_number": 3, "type": "high_school", "workshop": 84, "students": []}}, {"model": "workshops.block", "pk": 528, "fields": {"day": "Thursday", "start_time": "13:20:00", "end_time": "14:40:00", "block_number": 4, "type": "high_school", "workshop": 84, "students": []}}, {"model": "workshops.block", "pk": 529, "fields": {"day": "Friday", "start_time": "07:40:00", "end_time": "09:10:00", "block_number": 1, "type": "high_school", "workshop": 84, "students": []}}, {"model": "workshops.block", "pk": 530, "fields": {"day": "Friday", "start_time": "09:50:00", "end_time": "11:20:00", "block_number": 2, "type": "high_school", "workshop": 84, "students": []}}, {"model": "workshops.block", "pk": 531, "fields": {"day": "Friday", "start_time": "11:50:00", "end_time": "13:20:00", "block_number": 3, "type": "high_school", "workshop": 84, "students": []}}, {"model": "workshops.block", "pk": 532, "fields": {"day": "Monday", "start_time": "07:40:00", "end_time": "09:10:00", "block_number": 1, "type": "high_school", "workshop": 85, "students": [1]}}, {"model": "workshops.block", "pk": 533, "fields": {"day": "Monday", "start_time": "09:40:00", "end_time": "11:00:00", "block_number": 2, "type": "high_school", "workshop": 85, "students": []}}, {"model": "workshops.block", "pk": 534, "fields": {"day": "Monday", "start_time": "11:20:00", "end_time": "12:40:00", "block_number": 3, "type": "high_school", "workshop": 85, "students": [1]}}, {"model": "workshops.block", "pk": 535, "fields": {"day": "Monday", "start_time": "13:20:00", "end_time": "14:40:00", "block_number": 4, "type": "high_school", "workshop": 85, "students": []}}, {"model": "workshops.block", "pk": 536, "fields": {"day": "Tuesday", "start_time": "07:40:00", "end_time": "09:10:00", "block_number": 1, "type": "high_school", "workshop": 85, "students": []}}, {"model": "workshops.block", "pk": 537, "fields": {"day": "Tuesday", "start_time": "09:40:00", "end_time": "11:00:00", "block_number": 2, "type": "high_school", "workshop": 85, "students": []}}, {"model": "workshops.block", "pk": 538, "fields": {"day": "Tuesday", "start_time": "11:20:00", "end_time": "12:40:00", "block_number": 3, "type": "high_school", "workshop": 85, "students": []}}, {"model": "workshops.block", "pk": 539, "fields": {"day": "Tuesday", "start_time": "13:20:00", "end_time": "14:40:00", "block_number": 4, "type": "high_school", "workshop": 85, "students": []}}, {"model": "workshops.block", "pk": 540, "fields": {"day": "Wednesday", "start_time": "07:40:00", "end_time": "09:10:00", "block_number": 1, "type": "high_school", "workshop": 85, "students": []}}, {"model": "workshops.block", "pk": 541, "fields": {"day": "Wednesday", "start_time": "09:40:00", "end_time": "11:00:00", "block_number": 2, "type": "high_school", "workshop": 85, "students": []}}, {"model": "workshops.block", "pk": 542, "fields": {"day": "Wednesday", "start_time": "11:20:00", "end_time": "12:40:00", "block_number": 3, "type": "high_school", "workshop": 85, "students": []}}, {"model": "workshops.block", "pk": 543, "fields": {"day": "Wednesday", "start_time": "13:20:00", "end_time": "14:40:00", "block_number": 4, "type": "high_school", "workshop": 85, "students": []}}, {"model": "workshops.block", "pk": 544, "fields": {"day": "Thursday", "start_time": "07:40:00", "end_time": "09:10:00", "block_number": 1, "type": "high_school", "workshop": 85, "students": []}}, {"model": "workshops.block", "pk": 545, "fields": {"day": "Thursday", "start_time": "09:40:00", "end_time": "11:00:00", "block_number": 2, "type": "high_school", "workshop": 85, "students": []}}, {"model": "workshops.block", "pk": 546, "fields": {"day": "Thursday", "start_time": "11:20:00", "end_time": "12:40:00", "block_number": 3, "type": "high_school", "workshop": 85, "students": []}}, {"model": "workshops.block", "pk": 547, "fields": {"day": "Thursday", "start_time": "13:20:00", "end_time": "14:40:00", "block_number": 4, "type": "high_school", "workshop": 85, "students": []}}, {"model": "workshops.block", "pk": 548, "fields": {"day": "Friday", "start_time": "07:40:00", "end_time": "09:10:00", "block_number": 1, "type": "high_school", "workshop": 85, "students": []}}, {"model": "workshops.block", "pk": 549, "fields": {"day": "Friday", "start_time": "09:50:00", "end_time": "11:20:00", "block_number": 2, "type": "high_school", "workshop": 85, "students": []}}, {"model": "workshops.block", "pk": 550, "fields": {"day": "Friday", "start_time": "11:50:00", "end_time": "13:20:00", "block_number": 3, "type": "high_school", "workshop": 85, "students": []}}, {"model": "workshops.block", "pk": 551, "fields": {"day": "Monday", "start_time": "07:40:00", "end_time": "09:10:00", "block_number": 1, "type": "high_school", "workshop": 86, "students": []}}, {"model": "workshops.block", "pk": 552, "fields": {"day": "Monday", "start_time": "09:40:00", "end_time": "11:00:00", "block_number": 2, "type": "high_school", "workshop": 86, "students": []}}, {"model": "workshops.block", "pk": 553, "fields": {"day": "Monday", "start_time": "11:20:00", "end_time": "12:40:00", "block_number": 3, "type": "high_school", "workshop": 86, "students": []}}, {"model": "workshops.block", "pk": 554, "fields": {"day": "Monday", "start_time": "13:20:00", "end_time": "14:40:00", "block_number": 4, "type": "high_school", "workshop": 86, "students": []}}, {"model": "workshops.block", "pk": 555, "fields": {"day": "Tuesday", "start_time": "07:40:00", "end_time": "09:10:00", "block_number": 1, "type": "high_school", "workshop": 86, "students": []}}, {"model": "workshops.block", "pk": 556, "fields": {"day": "Tuesday", "start_time": "09:40:00", "end_time": "11:00:00", "block_number": 2, "type": "high_school", "workshop": 86, "students": []}}, {"model": "workshops.block", "pk": 557, "fields": {"day": "Tuesday", "start_time": "11:20:00", "end_time": "12:40:00", "block_number": 3, "type": "high_school", "workshop": 86, "students": []}}, {"model": "workshops.block", "pk": 558, "fields": {"day": "Tuesday", "start_time": "13:20:00", "end_time": "14:40:00", "block_number": 4, "type": "high_school", "workshop": 86, "students": []}}, {"model": "workshops.block", "pk": 559, "fields": {"day": "Wednesday", "start_time": "07:40:00", "end_time": "09:10:00", "block_number": 1, "type": "high_school", "workshop": 86, "students": []}}, {"model": "workshops.block", "pk": 560, "fields": {"day": "Wednesday", "start_time": "09:40:00", "end_time": "11:00:00", "block_number": 2, "type": "high_school", "workshop": 86, "students": []}}, {"model": "workshops.block", "pk": 561, "fields": {"day": "Wednesday", "start_time": "11:20:00", "end_time": "12:40:00", "block_number": 3, "type": "high_school", "workshop": 86, "students": []}}, {"model": "workshops.block", "pk": 562, "fields": {"day": "Wednesday", "start_time": "13:20:00", "end_time": "14:40:00", "block_number": 4, "type": "high_school", "workshop": 86, "students": []}}, {"model": "workshops.block", "pk": 563, "fields": {"day": "Thursday", "start_time": "07:40:00", "end_time": "09:10:00", "block_number": 1, "type": "high_school", "workshop": 86, "students": []}}, {"model": "workshops.block", "pk": 564, "fields": {"day": "Thursday", "start_time": "09:40:00", "end_time": "11:00:00", "block_number": 2, "type": "high_school", "workshop": 86, "students": []}}, {"model": "workshops.block", "pk": 565, "fields": {"day": "Thursday", "start_time": "11:20:00", "end_time": "12:40:00", "block_number": 3, "type": "high_school", "workshop": 86, "students": []}}, {"model": "workshops.block", "pk": 566, "fields": {"day": "Thursday", "start_time": "13:20:00", "end_time": "14:40:00", "block_number": 4, "type": "high_school", "workshop": 86, "students": []}}, {"model": "workshops.block", "pk": 567, "fields": {"day": "Friday", "start_time": "07:40:00", "end_time": "09:10:00", "block_number": 1, "type": "high_school", "workshop": 86, "students": []}}, {"model": "workshops.block", "pk": 568, "fields": {"day": "Friday", "start_time": "09:50:00", "end_time": "11:20:00", "block_number": 2, "type": "high_school", "workshop": 86, "students": []}}, {"model": "workshops.block", "pk": 569, "fields": {"day": "Friday", "start_time": "11:50:00", "end_time": "13:20:00", "block_number": 3, "type": "high_school", "workshop": 86, "students": []}}, {"model": "workshops.block", "pk": 570, "fields": {"day": "Monday", "start_time": "07:40:00", "end_time": "09:10:00", "block_number": 1, "type": "high_school", "workshop": 87, "students": []}}, {"model": "workshops.block", "pk": 571, "fields": {"day": "Monday", "start_time": "09:40:00", "end_time": "11:00:00", "block_number": 2, "type": "high_school", "workshop": 87, "students": []}}, {"model": "workshops.block", "pk": 572, "fields": {"day": "Monday", "start_time": "11:20:00", "end_time": "12:40:00", "block_number": 3, "type": "high_school", "workshop": 87, "students": []}}, {"model": "workshops.block", "pk": 573, "fields": {"day": "Monday", "start_time": "13:20:00", "end_time": "14:40:00", "block_number": 4, "type": "high_school", "workshop": 87, "students": []}}, {"model": "workshops.block", "pk": 574, "fields": {"day": "Tuesday", "start_time": "07:40:00", "end_time": "09:10:00", "block_number": 1, "type": "high_school", "workshop": 87, "students": []}}, {"model": "workshops.block", "pk": 575, "fields": {"day": "Tuesday", "start_time": "09:40:00", "end_time": "11:00:00", "block_number": 2, "type": "high_school", "workshop": 87, "students": []}}, {"model": "workshops.block", "pk": 576, "fields": {"day": "Tuesday", "start_time": "11:20:00", "end_time": "12:40:00", "block_number": 3, "type": "high_school", "workshop": 87, "students": []}}, {"model": "workshops.block", "pk": 577, "fields": {"day": "Tuesday", "start_time": "13:20:00", "end_time": "14:40:00", "block_number": 4, "type": "high_school", "workshop": 87, "students": []}}, {"model": "workshops.block", "pk": 578, "fields": {"day": "Wednesday", "start_time": "07:40:00", "end_time": "09:10:00", "block_number": 1, "type": "high_school", "workshop": 87, "students": []}}, {"model": "workshops.block", "pk": 579, "fields": {"day": "Wednesday", "start_time": "09:40:00", "end_time": "11:00:00", "block_number": 2, "type": "high_school", "workshop": 87, "students": []}}, {"model": "workshops.block", "pk": 580, "fields": {"day": "Wednesday", "start_time": "11:20:00", "end_time": "12:40:00", "block_number": 3, "type": "high_school", "workshop": 87, "students": []}}, {"model": "workshops.block", "pk": 581, "fields": {"day": "Wednesday", "start_time": "13:20:00", "end_time": "14:40:00", "block_number": 4, "type": "high_school", "workshop": 87, "students": []}}, {"model": "workshops.block", "pk": 582, "fields": {"day": "Thursday", "start_time": "07:40:00", "end_time": "09:10:00", "block_number": 1, "type": "high_school", "workshop": 87, "students": [1]}}, {"model": "workshops.block", "pk": 583, "fields": {"day": "Thursday", "start_time": "09:40:00", "end_time": "11:00:00", "block_number": 2, "type": "high_school", "workshop": 87, "students": []}}, {"model": "workshops.block", "pk": 584, "fields": {"day": "Thursday", "start_time": "11:20:00", "end_time": "12:40:00", "block_number": 3, "type": "high_school", "workshop": 87, "students": []}}, {"model": "workshops.block", "pk": 585, "fields": {"day": "Thursday", "start_time": "13:20:00", "end_time": "14:40:00", "block_number": 4, "type": "high_school", "workshop": 87, "students": []}}, {"model": "workshops.block", "pk": 586, "fields": {"day": "Friday", "start_time": "07:40:00", "end_time": "09:10:00", "block_number": 1, "type": "high_school", "workshop": 87, "students": []}}, {"model": "workshops.block", "pk": 587, "fields": {"day": "Friday", "start_time": "09:50:00", "end_time": "11:20:00", "block_number": 2, "type": "high_school", "workshop": 87, "students": []}}, {"model": "workshops.block", "pk": 588, "fields": {"day": "Friday", "start_time": "11:50:00", "end_time": "13:20:00", "block_number": 3, "type": "high_school", "workshop": 87, "students": []}}, {"model": "workshops.block", "pk": 589, "fields": {"day": "Monday", "start_time": "07:40:00", "end_time": "09:10:00", "block_number": 1, "type": "high_school", "workshop": 88, "students": []}}, {"model": "workshops.block", "pk": 590, "fields": {"day": "Monday", "start_time": "09:40:00", "end_time": "11:00:00", "block_number": 2, "type": "high_school", "workshop": 88, "students": []}}, {"model": "workshops.block", "pk": 591, "fields": {"day": "Monday", "start_time": "11:20:00", "end_time": "12:40:00", "block_number": 3, "type": "high_school", "workshop": 88, "students": []}}, {"model": "workshops.block", "pk": 592, "fields": {"day": "Monday", "start_time": "13:20:00", "end_time": "14:40:00", "block_number": 4, "type": "high_school", "workshop": 88, "students": []}}, {"model": "workshops.block", "pk": 593, "fields": {"day": "Tuesday", "start_time": "07:40:00", "end_time": "09:10:00", "block_number": 1, "type": "high_school", "workshop": 88, "students": []}}, {"model": "workshops.block", "pk": 594, "fields": {"day": "Tuesday", "start_time": "09:40:00", "end_time": "11:00:00", "block_number": 2, "type": "high_school", "workshop": 88, "students": []}}, {"model": "workshops.block", "pk": 595, "fields": {"day": "Tuesday", "start_time": "11:20:00", "end_time": "12:40:00", "block_number": 3, "type": "high_school", "workshop": 88, "students": []}}, {"model": "workshops.block", "pk": 596, "fields": {"day": "Tuesday", "start_time": "13:20:00", "end_time": "14:40:00", "block_number": 4, "type": "high_school", "workshop": 88, "students": []}}, {"model": "workshops.block", "pk": 597, "fields": {"day": "Wednesday", "start_time": "07:40:00", "end_time": "09:10:00", "block_number": 1, "type": "high_school", "workshop": 88, "students": []}}, {"model": "workshops.block", "pk": 598, "fields": {"day": "Wednesday", "start_time": "09:40:00", "end_time": "11:00:00", "block_number": 2, "type": "high_school", "workshop": 88, "students": []}}, {"model": "workshops.block", "pk": 599, "fields": {"day": "Wednesday", "start_time": "11:20:00", "end_time": "12:40:00", "block_number": 3, "type": "high_school", "workshop": 88, "students": []}}, {"model": "workshops.block", "pk": 600, "fields": {"day": "Wednesday", "start_time": "13:20:00", "end_time": "14:40:00", "block_number": 4, "type": "high_school", "workshop": 88, "students": [9]}}, {"model": "workshops.block", "pk": 601, "fields": {"day": "Thursday", "start_time": "07:40:00", "end_time": "09:10:00", "block_number": 1, "type": "high_school", "workshop": 88, "students": []}}, {"model": "workshops.block", "pk": 602, "fields": {"day": "Thursday", "start_time": "09:40:00", "end_time": "11:00:00", "block_number": 2, "type": "high_school", "workshop": 88, "students": []}}, {"model": "workshops.block", "pk": 603, "fields": {"day": "Thursday", "start_time": "11:20:00", "end_time": "12:40:00", "block_number": 3, "type": "high_school", "workshop": 88, "students": []}}, {"model": "workshops.block", "pk": 604, "fields": {"day": "Thursday", "start_time": "13:20:00", "end_time": "14:40:00", "block_number": 4, "type": "high_school", "workshop": 88, "students": []}}, {"model": "workshops.block", "pk": 605, "fields": {"day": "Friday", "start_time": "07:40:00", "end_time": "09:10:00", "block_number": 1, "type": "high_school", "workshop": 88, "students": []}}, {"model": "workshops.block", "pk": 606, "fields": {"day": "Friday", "start_time": "09:50:00", "end_time": "11:20:00", "block_number": 2, "type": "high_school", "workshop": 88, "students": []}}, {"model": "workshops.block", "pk": 607, "fields": {"day": "Friday", "start_time": "11:50:00", "end_time": "13:20:00", "block_number": 3, "type": "high_school", "workshop": 88, "students": []}}, {"model": "workshops.block", "pk": 608, "fields": {"day": "Monday", "start_time": "07:40:00", "end_time": "09:10:00", "block_number": 1, "type": "high_school", "workshop": 89, "students": []}}, {"model": "workshops.block", "pk": 609, "fields": {"day": "Monday", "start_time": "09:40:00", "end_time": "11:00:00", "block_number": 2, "type": "high_school", "workshop": 89, "students": []}}, {"model": "workshops.block", "pk": 610, "fields": {"day": "Monday", "start_time": "11:20:00", "end_time": "12:40:00", "block_number": 3, "type": "high_school", "workshop": 89, "students": [10]}}, {"model": "workshops.block", "pk": 611, "fields": {"day": "Monday", "start_time": "13:20:00", "end_time": "14:40:00", "block_number": 4, "type": "high_school", "workshop": 89, "students": []}}, {"model": "workshops.block", "pk": 612, "fields": {"day": "Tuesday", "start_time": "07:40:00", "end_time": "09:10:00", "block_number": 1, "type": "high_school", "workshop": 89, "students": []}}, {"model": "workshops.block", "pk": 613, "fields": {"day": "Tuesday", "start_time": "09:40:00", "end_time": "11:00:00", "block_number": 2, "type": "high_school", "workshop": 89, "students": []}}, {"model": "workshops.block", "pk": 614, "fields": {"day": "Tuesday", "start_time": "11:20:00", "end_time": "12:40:00", "block_number": 3, "type": "high_school", "workshop": 89, "students": []}}, {"model": "workshops.block", "pk": 615, "fields": {"day": "Tuesday", "start_time": "13:20:00", "end_time": "14:40:00", "block_number": 4, "type": "high_school", "workshop": 89, "students": []}}, {"model": "workshops.block", "pk": 616, "fields": {"day": "Wednesday", "start_time": "07:40:00", "end_time": "09:10:00", "block_number": 1, "type": "high_school", "workshop": 89, "students": []}}, {"model": "workshops.block", "pk": 617, "fields": {"day": "Wednesday", "start_time": "09:40:00", "end_time": "11:00:00", "block_number": 2, "type": "high_school", "workshop": 89, "students": []}}, {"model": "workshops.block", "pk": 618, "fields": {"day": "Wednesday", "start_time": "11:20:00", "end_time": "12:40:00", "block_number": 3, "type": "high_school", "workshop": 89, "students": [2]}}, {"model": "workshops.block", "pk": 619, "fields": {"day": "Wednesday", "start_time": "13:20:00", "end_time": "14:40:00", "block_number": 4, "type": "high_school", "workshop": 89, "students": []}}, {"model": "workshops.block", "pk": 620, "fields": {"day": "Thursday", "start_time": "07:40:00", "end_time": "09:10:00", "block_number": 1, "type": "high_school", "workshop": 89, "students": []}}, {"model": "workshops.block", "pk": 621, "fields": {"day": "Thursday", "start_time": "09:40:00", "end_time": "11:00:00", "block_number": 2, "type": "high_school", "workshop": 89, "students": []}}, {"model": "workshops.block", "pk": 622, "fields": {"day": "Thursday", "start_time": "11:20:00", "end_time": "12:40:00", "block_number": 3, "type": "high_school", "workshop": 89, "students": []}}, {"model": "workshops.block", "pk": 623, "fields": {"day": "Thursday", "start_time": "13:20:00", "end_time": "14:40:00", "block_number": 4, "type": "high_school", "workshop": 89, "students": []}}, {"model": "workshops.block", "pk": 624, "fields": {"day": "Friday", "start_time": "07:40:00", "end_time": "09:10:00", "block_number": 1, "type": "high_school", "workshop": 89, "students": []}}, {"model": "workshops.block", "pk": 625, "fields": {"day": "Friday", "start_time": "09:50:00", "end_time": "11:20:00", "block_number": 2, "type": "high_school", "workshop": 89, "students": []}}, {"model": "workshops.block", "pk": 626, "fields": {"day": "Friday", "start_time": "11:50:00", "end_time": "13:20:00", "block_number": 3, "type": "high_school", "workshop": 89, "students": []}}, {"model": "workshops.block", "pk": 627, "fields": {"day": "Monday", "start_time": "07:40:00", "end_time": "08:40:00", "block_number": 1, "type": "primary", "workshop": 89, "students": []}}, {"model": "workshops.block", "pk": 628, "fields": {"day": "Monday", "start_time": "09:10:00", "end_time": "10:20:00", "block_number": 2, "type": "primary", "workshop": 89, "students": []}}, {"model": "workshops.block", "pk": 629, "fields": {"day": "Monday", "start_time": "10:40:00", "end_time": "11:50:00", "block_number": 3, "type": "primary", "workshop": 89, "students": []}}, {"model": "workshops.block", "pk": 630, "fields": {"day": "Monday", "start_time": "12:30:00", "end_time": "13:30:00", "block_number": 4, "type": "primary", "workshop": 89, "students": []}}, {"model": "workshops.block", "pk": 631, "fields": {"day": "Monday", "start_time": "13:50:00", "end_time": "14:40:00", "block_number": 5, "type": "primary", "workshop": 89, "students": []}}, {"model": "workshops.block", "pk": 632, "fields": {"day": "Tuesday", "start_time": "07:40:00", "end_time": "08:40:00", "block_number": 1, "type": "primary", "workshop": 89, "students": []}}, {"model": "workshops.block", "pk": 633, "fields": {"day": "Tuesday", "start_time": "09:10:00", "end_time": "10:20:00", "block_number": 2, "type": "primary", "workshop": 89, "students": []}}, {"model": "workshops.block", "pk": 634, "fields": {"day": "Tuesday", "start_time": "10:40:00", "end_time": "11:50:00", "block_number": 3, "type": "primary", "workshop": 89, "students": []}}, {"model": "workshops.block", "pk": 635, "fields": {"day": "Tuesday", "start_time": "12:30:00", "end_time": "13:30:00", "block_number": 4, "type": "primary", "workshop": 89, "students": []}}, {"model": "workshops.block", "pk": 636, "fields": {"day": "Tuesday", "start_time": "13:50:00", "end_time": "14:40:00", "block_number": 5, "type": "primary", "workshop": 89, "students": []}}, {"model": "workshops.block", "pk": 637, "fields": {"day": "Wednesday", "start_time": "07:40:00", "end_time": "08:40:00", "block_number": 1, "type": "primary", "workshop": 89, "students": []}}, {"model": "workshops.block", "pk": 638, "fields": {"day": "Wednesday", "start_time": "09:10:00", "end_time": "10:20:00", "block_number": 2, "type": "primary", "workshop": 89, "students": []}}, {"model": "workshops.block", "pk": 639, "fields": {"day": "Wednesday", "start_time": "10:40:00", "end_time": "11:50:00", "block_number": 3, "type": "primary", "workshop": 89, "students": []}}, {"model": "workshops.block", "pk": 640, "fields": {"day": "Wednesday", "start_time": "12:30:00", "end_time": "13:30:00", "block_number": 4, "type": "primary", "workshop": 89, "students": []}}, {"model": "workshops.block", "pk": 641, "fields": {"day": "Wednesday", "start_time": "13:50:00", "end_time": "14:40:00", "block_number": 5, "type": "primary", "workshop": 89, "students": []}}, {"model": "workshops.block", "pk": 642, "fields": {"day": "Thursday", "start_time": "07:40:00", "end_time": "08:40:00", "block_number": 1, "type": "primary", "workshop": 89, "students": []}}, {"model": "workshops.block", "pk": 643, "fields": {"day": "Thursday", "start_time": "09:10:00", "end_time": "10:20:00", "block_number": 2, "type": "primary", "workshop": 89, "students": []}}, {"model": "workshops.block", "pk": 644, "fields": {"day": "Thursday", "start_time": "10:40:00", "end_time": "11:50:00", "block_number": 3, "type": "primary", "workshop": 89, "students": []}}, {"model": "workshops.block", "pk": 645, "fields": {"day": "Thursday", "start_time": "12:30:00", "end_time": "13:30:00", "block_number": 4, "type": "primary", "workshop": 89, "students": []}}, {"model": "workshops.block", "pk": 646, "fields": {"day": "Thursday", "start_time": "13:50:00", "end_time": "14:40:00", "block_number": 5, "type": "primary", "workshop": 89, "students": []}}, {"model": "workshops.block", "pk": 647, "fields": {"day": "Friday", "start_time": "07:40:00", "end_time": "08:40:00", "block_number": 1, "type": "primary", "workshop": 89, "students": []}}, {"model": "workshops.block", "pk": 648, "fields": {"day": "Friday", "start_time": "09:10:00", "end_time": "10:20:00", "block_number": 2, "type": "primary", "workshop": 89, "students": []}}, {"model": "workshops.block", "pk": 649, "fields": {"day": "Friday", "start_time": "10:40:00", "end_time": "11:50:00", "block_number": 3, "type": "primary", "workshop": 89, "students": []}}, {"model": "workshops.block", "pk": 650, "fields": {"day": "Friday", "start_time": "12:20:00", "end_time": "13:20:00", "block_number": 4, "type": "primary", "workshop": 89, "students": []}}, {"model": "workshops.block", "pk": 651, "fields": {"day": "Monday", "start_time": "07:40:00", "end_time": "09:10:00", "block_number": 1, "type": "high_school", "workshop": 90, "students": [2, 6]}}, {"model": "workshops.block", "pk": 652, "fields": {"day": "Monday", "start_time": "09:40:00", "end_time": "11:00:00", "block_number": 2, "type": "high_school", "workshop": 90, "students": [10]}}, {"model": "workshops.block", "pk": 653, "fields": {"day": "Monday", "start_time": "11:20:00", "end_time": "12:40:00", "block_number": 3, "type": "high_school", "workshop": 90, "students": []}}, {"model": "workshops.block", "pk": 654, "fields": {"day": "Monday", "start_time": "13:20:00", "end_time": "14:40:00", "block_number": 4, "type": "high_school", "workshop": 90, "students": []}}, {"model": "workshops.block", "pk": 655, "fields": {"day": "Tuesday", "start_time": "07:40:00", "end_time": "09:10:00", "block_number": 1, "type": "high_school", "workshop": 90, "students": []}}, {"model": "workshops.block", "pk": 656, "fields": {"day": "Tuesday", "start_time": "09:40:00", "end_time": "11:00:00", "block_number": 2, "type": "high_school", "workshop": 90, "students": [4]}}, {"model": "workshops.block", "pk": 657, "fields": {"day": "Tuesday", "start_time": "11:20:00", "end_time": "12:40:00", "block_number": 3, "type": "high_school", "workshop": 90, "students": []}}, {"model": "workshops.block", "pk": 658, "fields": {"day": "Tuesday", "start_time": "13:20:00", "end_time": "14:40:00", "block_number": 4, "type": "high_school", "workshop": 90, "students": [2]}}, {"model": "workshops.block", "pk": 659, "fields": {"day": "Wednesday", "start_time": "07:40:00", "end_time": "09:10:00", "block_number": 1, "type": "high_school", "workshop": 90, "students": []}}, {"model": "workshops.block", "pk": 660, "fields": {"day": "Wednesday", "start_time": "09:40:00", "end_time": "11:00:00", "block_number": 2, "type": "high_school", "workshop": 90, "students": []}}, {"model": "workshops.block", "pk": 661, "fields": {"day": "Wednesday", "start_time": "11:20:00", "end_time": "12:40:00", "block_number": 3, "type": "high_school", "workshop": 90, "students": []}}, {"model": "workshops.block", "pk": 662, "fields": {"day": "Wednesday", "start_time": "13:20:00", "end_time": "14:40:00", "block_number": 4, "type": "high_school", "workshop": 90, "students": []}}, {"model": "workshops.block", "pk": 663, "fields": {"day": "Thursday", "start_time": "07:40:00", "end_time": "09:10:00", "block_number": 1, "type": "high_school", "workshop": 90, "students": []}}, {"model": "workshops.block", "pk": 664, "fields": {"day": "Thursday", "start_time": "09:40:00", "end_time": "11:00:00", "block_number": 2, "type": "high_school", "workshop": 90, "students": []}}, {"model": "workshops.block", "pk": 665, "fields": {"day": "Thursday", "start_time": "11:20:00", "end_time": "12:40:00", "block_number": 3, "type": "high_school", "workshop": 90, "students": []}}, {"model": "workshops.block", "pk": 666, "fields": {"day": "Thursday", "start_time": "13:20:00", "end_time": "14:40:00", "block_number": 4, "type": "high_school", "workshop": 90, "students": []}}, {"model": "workshops.block", "pk": 667, "fields": {"day": "Friday", "start_time": "07:40:00", "end_time": "09:10:00", "block_number": 1, "type": "high_school", "workshop": 90, "students": []}}, {"model": "workshops.block", "pk": 668, "fields": {"day": "Friday", "start_time": "09:50:00", "end_time": "11:20:00", "block_number": 2, "type": "high_school", "workshop": 90, "students": [10]}}, {"model": "workshops.block", "pk": 669, "fields": {"day": "Friday", "start_time": "11:50:00", "end_time": "13:20:00", "block_number": 3, "type": "high_school", "workshop": 90, "students": []}}, {"model": "workshops.block", "pk": 670, "fields": {"day": "Monday", "start_time": "07:40:00", "end_time": "08:40:00", "block_number": 1, "type": "primary", "workshop": 90, "students": []}}, {"model": "workshops.block", "pk": 671, "fields": {"day": "Monday", "start_time": "09:10:00", "end_time": "10:20:00", "block_number": 2, "type": "primary", "workshop": 90, "students": []}}, {"model": "workshops.block", "pk": 672, "fields": {"day": "Monday", "start_time": "10:40:00", "end_time": "11:50:00", "block_number": 3, "type": "primary", "workshop": 90, "students": []}}, {"model": "workshops.block", "pk": 673, "fields": {"day": "Monday", "start_time": "12:30:00", "end_time": "13:30:00", "block_number": 4, "type": "primary", "workshop": 90, "students": []}}, {"model": "workshops.block", "pk": 674, "fields": {"day": "Monday", "start_time": "13:50:00", "end_time": "14:40:00", "block_number": 5, "type": "primary", "workshop": 90, "students": []}}, {"model": "workshops.block", "pk": 675, "fields": {"day": "Tuesday", "start_time": "07:40:00", "end_time": "08:40:00", "block_number": 1, "type": "primary", "workshop": 90, "students": []}}, {"model": "workshops.block", "pk": 676, "fields": {"day": "Tuesday", "start_time": "09:10:00", "end_time": "10:20:00", "block_number": 2, "type": "primary", "workshop": 90, "students": []}}, {"model": "workshops.block", "pk": 677, "fields": {"day": "Tuesday", "start_time": "10:40:00", "end_time": "11:50:00", "block_number": 3, "type": "primary", "workshop": 90, "students": []}}, {"model": "workshops.block", "pk": 678, "fields": {"day": "Tuesday", "start_time": "12:30:00", "end_time": "13:30:00", "block_number": 4, "type": "primary", "workshop": 90, "students": []}}, {"model": "workshops.block", "pk": 679, "fields": {"day": "Tuesday", "start_time": "13:50:00", "end_time": "14:40:00", "block_number": 5, "type": "primary", "workshop": 90, "students": []}}, {"model": "workshops.block", "pk": 680, "fields": {"day": "Wednesday", "start_time": "07:40:00", "end_time": "08:40:00", "block_number": 1, "type": "primary", "workshop": 90, "students": []}}, {"model": "workshops.block", "pk": 681, "fields": {"day": "Wednesday", "start_time": "09:10:00", "end_time": "10:20:00", "block_number": 2, "type": "primary", "workshop": 90, "students": []}}, {"model": "workshops.block", "pk": 682, "fields": {"day": "Wednesday", "start_time": "10:40:00", "end_time": "11:50:00", "block_number": 3, "type": "primary", "workshop": 90, "students": []}}, {"model": "workshops.block", "pk": 683, "fields": {"day": "Wednesday", "start_time": "12:30:00", "end_time": "13:30:00", "block_number": 4, "type": "primary", "workshop": 90, "students": []}}, {"model": "workshops.block", "pk": 684, "fields": {"day": "Wednesday", "start_time": "13:50:00", "end_time": "14:40:00", "block_number": 5, "type": "primary", "workshop": 90, "students": []}}, {"model": "workshops.block", "pk": 685, "fields": {"day": "Thursday", "start_time": "07:40:00", "end_time": "08:40:00", "block_number": 1, "type": "primary", "workshop": 90, "students": []}}, {"model": "workshops.block", "pk": 686, "fields": {"day": "Thursday", "start_time": "09:10:00", "end_time": "10:20:00", "block_number": 2, "type": "primary", "workshop": 90, "students": []}}, {"model": "workshops.block", "pk": 687, "fields": {"day": "Thursday", "start_time": "10:40:00", "end_time": "11:50:00", "block_number": 3, "type": "primary", "workshop": 90, "students": []}}, {"model": "workshops.block", "pk": 688, "fields": {"day": "Thursday", "start_time": "12:30:00", "end_time": "13:30:00", "block_number": 4, "type": "primary", "workshop": 90, "students": []}}, {"model": "workshops.block", "pk": 689, "fields": {"day": "Thursday", "start_time": "13:50:00", "end_time": "14:40:00", "block_number": 5, "type": "primary", "workshop": 90, "students": []}}, {"model": "workshops.block", "pk": 690, "fields": {"day": "Friday", "start_time": "07:40:00", "end_time": "08:40:00", "block_number": 1, "type": "primary", "workshop": 90, "students": []}}, {"model": "workshops.block", "pk": 691, "fields": {"day": "Friday", "start_time": "09:10:00", "end_time": "10:20:00", "block_number": 2, "type": "primary", "workshop": 90, "students": []}}, {"model": "workshops.block", "pk": 692, "fields": {"day": "Friday", "start_time": "10:40:00", "end_time": "11:50:00", "block_number": 3, "type": "primary", "workshop": 90, "students": []}}, {"model": "workshops.block", "pk": 693, "fields": {"day": "Friday", "start_time": "12:20:00", "end_time": "13:20:00", "block_number": 4, "type": "primary", "workshop": 90, "students": []}}, {"model": "workshops.block", "pk": 694, "fields": {"day": "Monday", "start_time": "07:40:00", "end_time": "09:10:00", "block_number": 1, "type": "high_school", "workshop": 91, "students": [2, 6, 10]}}, {"model": "workshops.block", "pk": 695, "fields": {"day": "Monday", "start_time": "09:40:00", "end_time": "11:00:00", "block_number": 2, "type": "high_school", "workshop": 91, "students": [4, 6]}}, {"model": "workshops.block", "pk": 696, "fields": {"day": "Monday", "start_time": "11:20:00", "end_time": "12:40:00", "block_number": 3, "type": "high_school", "workshop": 91, "students": []}}, {"model": "workshops.block", "pk": 697, "fields": {"day": "Monday", "start_time": "13:20:00", "end_time": "14:40:00", "block_number": 4, "type": "high_school", "workshop": 91, "students": [2, 6]}}, {"model": "workshops.block", "pk": 698, "fields": {"day": "Tuesday", "start_time": "07:40:00", "end_time": "09:10:00", "block_number": 1, "type": "high_school", "workshop": 91, "students": []}}, {"model": "workshops.block", "pk": 699, "fields": {"day": "Tuesday", "start_time": "09:40:00", "end_time": "11:00:00", "block_number": 2, "type": "high_school", "workshop": 91, "students": [6]}}, {"model": "workshops.block", "pk": 700, "fields": {"day": "Tuesday", "start_time": "11:20:00", "end_time": "12:40:00", "block_number": 3, "type": "high_school", "workshop": 91, "students": []}}, {"model": "workshops.block", "pk": 701, "fields": {"day": "Tuesday", "start_time": "13:20:00", "end_time": "14:40:00", "block_number": 4, "type": "high_school", "workshop": 91, "students": []}}, {"model": "workshops.block", "pk": 702, "fields": {"day": "Wednesday", "start_time": "07:40:00", "end_time": "09:10:00", "block_number": 1, "type": "high_school", "workshop": 91, "students": [8]}}, {"model": "workshops.block", "pk": 703, "fields": {"day": "Wednesday", "start_time": "09:40:00", "end_time": "11:00:00", "block_number": 2, "type": "high_school", "workshop": 91, "students": []}}, {"model": "workshops.block", "pk": 704, "fields": {"day": "Wednesday", "start_time": "11:20:00", "end_time": "12:40:00", "block_number": 3, "type": "high_school", "workshop": 91, "students": []}}, {"model": "workshops.block", "pk": 705, "fields": {"day": "Wednesday", "start_time": "13:20:00", "end_time": "14:40:00", "block_number": 4, "type": "high_school", "workshop": 91, "students": []}}, {"model": "workshops.block", "pk": 706, "fields": {"day": "Thursday", "start_time": "07:40:00", "end_time": "09:10:00", "block_number": 1, "type": "high_school", "workshop": 91, "students": []}}, {"model": "workshops.block", "pk": 707, "fields": {"day": "Thursday", "start_time": "09:40:00", "end_time": "11:00:00", "block_number": 2, "type": "high_school", "workshop": 91, "students": []}}, {"model": "workshops.block", "pk": 708, "fields": {"day": "Thursday", "start_time": "11:20:00", "end_time": "12:40:00", "block_number": 3, "type": "high_school", "workshop": 91, "students": []}}, {"model": "workshops.block", "pk": 709, "fields": {"day": "Thursday", "start_time": "13:20:00", "end_time": "14:40:00", "block_number": 4, "type": "high_school", "workshop": 91, "students": []}}, {"model": "workshops.block", "pk": 710, "fields": {"day": "Friday", "start_time": "07:40:00", "end_time": "09:10:00", "block_number": 1, "type": "high_school", "workshop": 91, "students": []}}, {"model": "workshops.block", "pk": 711, "fields": {"day": "Friday", "start_time": "09:50:00", "end_time": "11:20:00", "block_number": 2, "type": "high_school", "workshop": 91, "students": []}}, {"model": "workshops.block", "pk": 712, "fields": {"day": "Friday", "start_time": "11:50:00", "end_time": "13:20:00", "block_number": 3, "type": "high_school", "workshop": 91, "students": []}}, {"model": "workshops.block", "pk": 713, "fields": {"day": "Monday", "start_time": "07:40:00", "end_time": "08:40:00", "block_number": 1, "type": "primary", "workshop": 91, "students": []}}, {"model": "workshops.block", "pk": 714, "fields": {"day": "Monday", "start_time": "09:10:00", "end_time": "10:20:00", "block_number": 2, "type": "primary", "workshop": 91, "students": []}}, {"model": "workshops.block", "pk": 715, "fields": {"day": "Monday", "start_time": "10:40:00", "end_time": "11:50:00", "block_number": 3, "type": "primary", "workshop": 91, "students": []}}, {"model": "workshops.block", "pk": 716, "fields": {"day": "Monday", "start_time": "12:30:00", "end_time": "13:30:00", "block_number": 4, "type": "primary", "workshop": 91, "students": []}}, {"model": "workshops.block", "pk": 717, "fields": {"day": "Monday", "start_time": "13:50:00", "end_time": "14:40:00", "block_number": 5, "type": "primary", "workshop": 91, "students": []}}, {"model": "workshops.block", "pk": 718, "fields": {"day": "Tuesday", "start_time": "07:40:00", "end_time": "08:40:00", "block_number": 1, "type": "primary", "workshop": 91, "students": []}}, {"model": "workshops.block", "pk": 719, "fields": {"day": "Tuesday", "start_time": "09:10:00", "end_time": "10:20:00", "block_number": 2, "type": "primary", "workshop": 91, "students": []}}, {"model": "workshops.block", "pk": 720, "fields": {"day": "Tuesday", "start_time": "10:40:00", "end_time": "11:50:00", "block_number": 3, "type": "primary", "workshop": 91, "students": []}}, {"model": "workshops.block", "pk": 721, "fields": {"day": "Tuesday", "start_time": "12:30:00", "end_time": "13:30:00", "block_number": 4, "type": "primary", "workshop": 91, "students": []}}, {"model": "workshops.block", "pk": 722, "fields": {"day": "Tuesday", "start_time": "13:50:00", "end_time": "14:40:00", "block_number": 5, "type": "primary", "workshop": 91, "students": [2]}}, {"model": "workshops.block", "pk": 723, "fields": {"day": "Wednesday", "start_time": "07:40:00", "end_time": "08:40:00", "block_number": 1, "type": "primary", "workshop": 91, "students": []}}, {"model": "workshops.block", "pk": 724, "fields": {"day": "Wednesday", "start_time": "09:10:00", "end_time": "10:20:00", "block_number": 2, "type": "primary", "workshop": 91, "students": []}}, {"model": "workshops.block", "pk": 725, "fields": {"day": "Wednesday", "start_time": "10:40:00", "end_time": "11:50:00", "block_number": 3, "type": "primary", "workshop": 91, "students": []}}, {"model": "workshops.block", "pk": 726, "fields": {"day": "Wednesday", "start_time": "12:30:00", "end_time": "13:30:00", "block_number": 4, "type": "primary", "workshop": 91, "students": []}}, {"model": "workshops.block", "pk": 727, "fields": {"day": "Wednesday", "start_time": "13:50:00", "end_time": "14:40:00", "block_number": 5, "type": "primary", "workshop": 91, "students": []}}, {"model": "workshops.block", "pk": 728, "fields": {"day": "Thursday", "start_time": "07:40:00", "end_time": "08:40:00", "block_number": 1, "type": "primary", "workshop": 91, "students": []}}, {"model": "workshops.block", "pk": 729, "fields": {"day": "Thursday", "start_time": "09:10:00", "end_time": "10:20:00", "block_number": 2, "type": "primary", "workshop": 91, "students": []}}, {"model": "workshops.block", "pk": 730, "fields": {"day": "Thursday", "start_time": "10:40:00", "end_time": "11:50:00", "block_number": 3, "type": "primary", "workshop": 91, "students": []}}, {"model": "workshops.block", "pk": 731, "fields": {"day": "Thursday", "start_time": "12:30:00", "end_time": "13:30:00", "block_number": 4, "type": "primary", "workshop": 91, "students": []}}, {"model": "workshops.block", "pk": 732, "fields": {"day": "Thursday", "start_time": "13:50:00", "end_time": "14:40:00", "block_number": 5, "type": "primary", "workshop": 91, "students": []}}, {"model": "workshops.block", "pk": 733, "fields": {"day": "Friday", "start_time": "07:40:00", "end_time": "08:40:00", "block_number": 1, "type": "primary", "workshop": 91, "students": []}}, {"model": "workshops.block", "pk": 734, "fields": {"day": "Friday", "start_time": "09:10:00", "end_time": "10:20:00", "block_number": 2, "type": "primary", "workshop": 91, "students": []}}, {"model": "workshops.block", "pk": 735, "fields": {"day": "Friday", "start_time": "10:40:00", "end_time": "11:50:00", "block_number": 3, "type": "primary", "workshop": 91, "students": []}}, {"model": "workshops.block", "pk": 736, "fields": {"day": "Friday", "start_time": "12:20:00", "end_time": "13:20:00", "block_number": 4, "type": "primary", "workshop": 91, "students": []}}, {"model": "workshops.block", "pk": 737, "fields": {"day": "Monday", "start_time": "07:40:00", "end_time": "09:10:00", "block_number": 1, "type": "high_school", "workshop": 92, "students": [9]}}, {"model": "workshops.block", "pk": 738, "fields": {"day": "Monday", "start_time": "09:40:00", "end_time": "11:00:00", "block_number": 2, "type": "high_school", "workshop": 92, "students": [9]}}, {"model": "workshops.block", "pk": 739, "fields": {"day": "Monday", "start_time": "11:20:00", "end_time": "12:40:00", "block_number": 3, "type": "high_school", "workshop": 92, "students": []}}, {"model": "workshops.block", "pk": 740, "fields": {"day": "Monday", "start_time": "13:20:00", "end_time": "14:40:00", "block_number": 4, "type": "high_school", "workshop": 92, "students": []}}, {"model": "workshops.block", "pk": 741, "fields": {"day": "Tuesday", "start_time": "07:40:00", "end_time": "09:10:00", "block_number": 1, "type": "high_school", "workshop": 92, "students": []}}, {"model": "workshops.block", "pk": 742, "fields": {"day": "Tuesday", "start_time": "09:40:00", "end_time": "11:00:00", "block_number": 2, "type": "high_school", "workshop": 92, "students": []}}, {"model": "workshops.block", "pk": 743, "fields": {"day": "Tuesday", "start_time": "11:20:00", "end_time": "12:40:00", "block_number": 3, "type": "high_school", "workshop": 92, "students": []}}, {"model": "workshops.block", "pk": 744, "fields": {"day": "Tuesday", "start_time": "13:20:00", "end_time": "14:40:00", "block_number": 4, "type": "high_school", "workshop": 92, "students": [1]}}, {"model": "workshops.block", "pk": 745, "fields": {"day": "Wednesday", "start_time": "07:40:00", "end_time": "09:10:00", "block_number": 1, "type": "high_school", "workshop": 92, "students": [1]}}, {"model": "workshops.block", "pk": 746, "fields": {"day": "Wednesday", "start_time": "09:40:00", "end_time": "11:00:00", "block_number": 2, "type": "high_school", "workshop": 92, "students": []}}, {"model": "workshops.block", "pk": 747, "fields": {"day": "Wednesday", "start_time": "11:20:00", "end_time": "12:40:00", "block_number": 3, "type": "high_school", "workshop": 92, "students": []}}, {"model": "workshops.block", "pk": 748, "fields": {"day": "Wednesday", "start_time": "13:20:00", "end_time": "14:40:00", "block_number": 4, "type": "high_school", "workshop": 92, "students": []}}, {"model": "workshops.block", "pk": 749, "fields": {"day": "Thursday", "start_time": "07:40:00", "end_time": "09:10:00", "block_number": 1, "type": "high_school", "workshop": 92, "students": []}}, {"model": "workshops.block", "pk": 750, "fields": {"day": "Thursday", "start_time": "09:40:00", "end_time": "11:00:00", "block_number": 2, "type": "high_school", "workshop": 92, "students": []}}, {"model": "workshops.block", "pk": 751, "fields": {"day": "Thursday", "start_time": "11:20:00", "end_time": "12:40:00", "block_number": 3, "type": "high_school", "workshop": 92, "students": []}}, {"model": "workshops.block", "pk": 752, "fields": {"day": "Thursday", "start_time": "13:20:00", "end_time": "14:40:00", "block_number": 4, "type": "high_school", "workshop": 92, "students": []}}, {"model": "workshops.block", "pk": 753, "fields": {"day": "Friday", "start_time": "07:40:00", "end_time": "09:10:00", "block_number": 1, "type": "high_school", "workshop": 92, "students": []}}, {"model": "workshops.block", "pk": 754, "fields": {"day": "Friday", "start_time": "09:50:00", "end_time": "11:20:00", "block_number": 2, "type": "high_school", "workshop": 92, "students": []}}, {"model": "workshops.block", "pk": 755, "fields": {"day": "Friday", "start_time": "11:50:00", "end_time": "13:20:00", "block_number": 3, "type": "high_school", "workshop": 92, "students": []}}, {"model": "schedules.schedule", "pk": 3, "fields": {"student": 2, "block": 79, "high_school": false}}, {"model": "schedules.schedule", "pk": 4, "fields": {"student": 2, "block": 155, "high_school": false}}, {"model": "schedules.schedule", "pk": 6, "fields": {"student": 2, "block": 116, "high_school": false}}, {"model": "schedules.schedule", "pk": 8, "fields": {"student": 2, "block": 24, "high_school": false}}, {"model": "schedules.schedule", "pk": 10, "fields": {"student": 1, "block": 355, "high_school": false}}, {"model": "schedules.schedule", "pk": 11, "fields": {"student": 1, "block": 745, "high_school": false}}, {"model": "schedules.schedule", "pk": 28, "fields": {"student": 1, "block": 356, "high_school": false}}, {"model": "schedules.schedule", "pk": 29, "fields": {"student": 2, "block": 101, "high_school": false}}, {"model": "schedules.schedule", "pk": 30, "fields": {"student": 2, "block": 12, "high_school": false}}, {"model": "schedules.schedule", "pk": 33, "fields": {"student": 2, "block": 8, "high_school": false}}, {"model": "schedules.schedule", "pk": 34, "fields": {"student": 6, "block": 6, "high_school": false}}, {"model": "schedules.schedule", "pk": 36, "fields": {"student": 6, "block": 59, "high_school": false}}, {"model": "schedules.schedule", "pk": 37, "fields": {"student": 6, "block": 88, "high_school": false}}, {"model": "schedules.schedule", "pk": 38, "fields": {"student": 6, "block": 117, "high_school": false}}, {"model": "schedules.schedule", "pk": 39, "fields": {"student": 1, "block": 582, "high_school": false}}, {"model": "schedules.schedule", "pk": 41, "fields": {"student": 3, "block": 351, "high_school": false}}, {"model": "schedules.schedule", "pk": 45, "fields": {"student": 1, "block": 476, "high_school": false}}, {"model": "schedules.schedule", "pk": 46, "fields": {"student": 4, "block": 656, "high_school": false}}, {"model": "schedules.schedule", "pk": 49, "fields": {"student": 3, "block": 355, "high_school": false}}, {"model": "schedules.schedule", "pk": 50, "fields": {"student": 1, "block": 376, "high_school": false}}, {"model": "schedules.schedule", "pk": 51, "fields": {"student": 3, "block": 364, "high_school": false}}, {"model": "schedules.schedule", "pk": 52, "fields": {"student": 7, "block": 65, "high_school": false}}, {"model": "schedules.schedule", "pk": 53, "fields": {"student": 2, "block": 50, "high_school": false}}, {"model": "schedules.schedule", "pk": 54, "fields": {"student": 1, "block": 534, "high_school": false}}, {"model": "schedules.schedule", "pk": 55, "fields": {"student": 7, "block": 1, "high_school": false}}, {"model": "schedules.schedule", "pk": 56, "fields": {"student": 7, "block": 6, "high_school": false}}, {"model": "schedules.schedule", "pk": 57, "fields": {"student": 7, "block": 20, "high_school": false}}, {"model": "schedules.schedule", "pk": 58, "fields": {"student": 7, "block": 15, "high_school": false}}, {"model": "schedules.schedule", "pk": 59, "fields": {"student": 7, "block": 5, "high_school": false}}, {"model": "schedules.schedule", "pk": 60, "fields": {"student": 3, "block": 354, "high_school": false}}, {"model": "schedules.schedule", "pk": 61, "fields": {"student": 4, "block": 21, "high_school": false}}, {"model": "schedules.schedule", "pk": 65, "fields": {"student": 8, "block": 26, "high_school": false}}, {"model": "schedules.schedule", "pk": 66, "fields": {"student": 8, "block": 6, "high_school": false}}, {"model": "schedules.schedule", "pk": 67, "fields": {"student": 8, "block": 702, "high_school": false}}, {"model": "schedules.schedule", "pk": 69, "fields": {"student": 7, "block": 26, "high_school": false}}, {"model": "schedules.schedule", "pk": 74, "fields": {"student": 9, "block": 738, "high_school": false}}, {"model": "schedules.schedule", "pk": 77, "fields": {"student": 2, "block": 27, "high_school": false}}, {"model": "schedules.schedule", "pk": 78, "fields": {"student": 2, "block": 697, "high_school": false}}, {"model": "schedules.schedule", "pk": 80, "fields": {"student": 1, "block": 367, "high_school": false}}, {"model": "schedules.schedule", "pk": 81, "fields": {"student": 2, "block": 19, "high_school": false}}, {"model": "schedules.schedule", "pk": 82, "fields": {"student": 2, "block": 45, "high_school": false}}, {"model": "schedules.schedule", "pk": 83, "fields": {"student": 2, "block": 46, "high_school": false}}, {"model": "schedules.schedule", "pk": 85, "fields": {"student": 4, "block": 41, "high_school": false}}, {"model": "schedules.schedule", "pk": 87, "fields": {"student": 2, "block": 126, "high_school": false}}, {"model": "schedules.schedule", "pk": 90, "fields": {"student": 6, "block": 125, "high_school": false}}, {"model": "schedules.schedule", "pk": 92, "fields": {"student": 6, "block": 2, "high_school": false}}, {"model": "schedules.schedule", "pk": 97, "fields": {"student": 4, "block": 1, "high_school": false}}, {"model": "schedules.schedule", "pk": 98, "fields": {"student": 4, "block": 2, "high_school": false}}, {"model": "schedules.schedule", "pk": 99, "fields": {"student": 4, "block": 3, "high_school": false}}, {"model": "schedules.schedule", "pk": 100, "fields": {"student": 4, "block": 4, "high_school": false}}, {"model": "schedules.schedule", "pk": 101, "fields": {"student": 4, "block": 5, "high_school": false}}, {"model": "schedules.schedule", "pk": 102, "fields": {"student": 4, "block": 56, "high_school": false}}, {"model": "schedules.schedule", "pk": 103, "fields": {"student": 4, "block": 54, "high_school": false}}, {"model": "schedules.schedule", "pk": 104, "fields": {"student": 6, "block": 699, "high_school": false}}, {"model": "schedules.schedule", "pk": 105, "fields": {"student": 1, "block": 497, "high_school": false}}, {"model": "schedules.schedule", "pk": 106, "fields": {"student": 2, "block": 105, "high_school": false}}, {"model": "schedules.schedule", "pk": 107, "fields": {"student": 2, "block": 722, "high_school": false}}, {"model": "schedules.schedule", "pk": 108, "fields": {"student": 2, "block": 136, "high_school": false}}, {"model": "schedules.schedule", "pk": 110, "fields": {"student": 9, "block": 600, "high_school": false}}, {"model": "schedules.schedule", "pk": 111, "fields": {"student": 4, "block": 14, "high_school": false}}, {"model": "schedules.schedule", "pk": 112, "fields": {"student": 4, "block": 11, "high_school": false}}, {"model": "schedules.schedule", "pk": 113, "fields": {"student": 2, "block": 157, "high_school": false}}, {"model": "schedules.schedule", "pk": 114, "fields": {"student": 10, "block": 694, "high_school": false}}, {"model": "schedules.schedule", "pk": 115, "fields": {"student": 10, "block": 652, "high_school": false}}, {"model": "schedules.schedule", "pk": 116, "fields": {"student": 10, "block": 610, "high_school": false}}, {"model": "schedules.schedule", "pk": 117, "fields": {"student": 10, "block": 435, "high_school": false}}, {"model": "schedules.schedule", "pk": 118, "fields": {"student": 10, "block": 393, "high_school": false}}, {"model": "schedules.schedule", "pk": 119, "fields": {"student": 10, "block": 61, "high_school": false}}, {"model": "schedules.schedule", "pk": 120, "fields": {"student": 10, "block": 95, "high_school": false}}, {"model": "schedules.schedule", "pk": 121, "fields": {"student": 10, "block": 668, "high_school": false}}, {"model": "schedules.schedule", "pk": 122, "fields": {"student": 10, "block": 144, "high_school": false}}, {"model": "schedules.schedule", "pk": 123, "fields": {"student": 10, "block": 141, "high_school": false}}, {"model": "schedules.schedule", "pk": 124, "fields": {"student": 6, "block": 129, "high_school": false}}, {"model": "schedules.schedule", "pk": 125, "fields": {"student": 6, "block": 697, "high_school": false}}, {"model": "schedules.schedule", "pk": 129, "fields": {"student": 2, "block": 651, "high_school": false}}, {"model": "schedules.schedule", "pk": 132, "fields": {"student": 1, "block": 744, "high_school": false}}, {"model": "schedules.schedule", "pk": 137, "fields": {"student": 1, "block": 494, "high_school": false}}, {"model": "schedules.schedule", "pk": 140, "fields": {"student": 6, "block": 1, "high_school": false}}, {"model": "schedules.schedule", "pk": 141, "fields": {"student": 6, "block": 3, "high_school": false}}, {"model": "schedules.schedule", "pk": 142, "fields": {"student": 8, "block": 73, "high_school": false}}, {"model": "schedules.schedule", "pk": 144, "fields": {"student": 9, "block": 513, "high_school": false}}, {"model": "django_celery_beat.intervalschedule", "pk": 1, "fields": {"every": 1, "period": "days"}}, {"model": "django_celery_beat.periodictasks", "pk": 1, "fields": {"last_update": "2024-12-23T21:32:59.072Z"}}, {"model": "django_celery_beat.periodictask", "pk": 1, "fields": {"name": "Reset student status daily", "task": "students.tasks.reset_student_status", "interval": 1, "crontab": null, "solar": null, "clocked": null, "args": "[]", "kwargs": "{}", "queue": null, "exchange": null, "routing_key": null, "headers": "{}", "priority": null, "expires": null, "expire_seconds": null, "one_off": false, "start_time": null, "enabled": true, "last_run_at": null, "total_run_count": 0, "date_changed": "2024-12-23T21:32:59.067Z", "description": ""}}]