PRAGMA foreign_keys=OFF;
BEGIN TRANSACTION;
CREATE TABLE IF NOT EXISTS "django_migrations" ("id" integer NOT NULL PRIMARY KEY AUTOINCREMENT, "app" varchar(255) NOT NULL, "name" varchar(255) NOT NULL, "applied" datetime NOT NULL);
INSERT INTO django_migrations VALUES(1,'contenttypes','0001_initial','2024-12-13 02:15:00.376766');
INSERT INTO django_migrations VALUES(2,'auth','0001_initial','2024-12-13 02:15:00.386240');
INSERT INTO django_migrations VALUES(3,'admin','0001_initial','2024-12-13 02:15:00.392674');
INSERT INTO django_migrations VALUES(4,'admin','0002_logentry_remove_auto_add','2024-12-13 02:15:00.416372');
INSERT INTO django_migrations VALUES(5,'admin','0003_logentry_add_action_flag_choices','2024-12-13 02:15:00.420795');
INSERT INTO django_migrations VALUES(6,'contenttypes','0002_remove_content_type_name','2024-12-13 02:15:00.428195');
INSERT INTO django_migrations VALUES(7,'auth','0002_alter_permission_name_max_length','2024-12-13 02:15:00.433654');
INSERT INTO django_migrations VALUES(8,'auth','0003_alter_user_email_max_length','2024-12-13 02:15:00.438732');
INSERT INTO django_migrations VALUES(9,'auth','0004_alter_user_username_opts','2024-12-13 02:15:00.442574');
INSERT INTO django_migrations VALUES(10,'auth','0005_alter_user_last_login_null','2024-12-13 02:15:00.448214');
INSERT INTO django_migrations VALUES(11,'auth','0006_require_contenttypes_0002','2024-12-13 02:15:00.449830');
INSERT INTO django_migrations VALUES(12,'auth','0007_alter_validators_add_error_messages','2024-12-13 02:15:00.453580');
INSERT INTO django_migrations VALUES(13,'auth','0008_alter_user_username_max_length','2024-12-13 02:15:00.458206');
INSERT INTO django_migrations VALUES(14,'auth','0009_alter_user_last_name_max_length','2024-12-13 02:15:00.462618');
INSERT INTO django_migrations VALUES(15,'auth','0010_alter_group_name_max_length','2024-12-13 02:15:00.467403');
INSERT INTO django_migrations VALUES(16,'auth','0011_update_proxy_permissions','2024-12-13 02:15:00.471262');
INSERT INTO django_migrations VALUES(17,'auth','0012_alter_user_first_name_max_length','2024-12-13 02:15:00.475948');
INSERT INTO django_migrations VALUES(18,'sessions','0001_initial','2024-12-13 02:15:00.479283');
INSERT INTO django_migrations VALUES(19,'tutors','0001_initial','2024-12-13 02:15:49.796818');
INSERT INTO django_migrations VALUES(20,'students','0001_initial','2024-12-13 02:15:49.799342');
INSERT INTO django_migrations VALUES(21,'workshops','0001_initial','2024-12-13 02:15:49.809282');
INSERT INTO django_migrations VALUES(22,'schedules','0001_initial','2024-12-13 02:15:49.811138');
INSERT INTO django_migrations VALUES(23,'schedules','0002_initial','2024-12-13 02:15:49.829728');
INSERT INTO django_migrations VALUES(24,'students','0002_initial','2024-12-13 02:15:49.836873');
INSERT INTO django_migrations VALUES(25,'tutors','0002_initial','2024-12-13 02:15:49.854283');
INSERT INTO django_migrations VALUES(26,'workshops','0002_block_block_number','2024-12-14 19:00:37.924196');
INSERT INTO django_migrations VALUES(27,'workshops','0003_block_type','2024-12-14 19:10:34.007121');
INSERT INTO django_migrations VALUES(28,'workshops','0004_alter_block_block_number_alter_block_students','2024-12-14 23:34:40.241438');
INSERT INTO django_migrations VALUES(29,'tutors','0003_remove_tutor_photo','2024-12-16 00:29:51.106913');
INSERT INTO django_migrations VALUES(30,'workshops','0005_alter_workshop_tutor','2024-12-16 13:16:47.848513');
INSERT INTO django_migrations VALUES(31,'students','0003_student_status','2024-12-23 16:09:44.514692');
INSERT INTO django_migrations VALUES(32,'django_celery_beat','0001_initial','2024-12-23 21:26:16.609187');
INSERT INTO django_migrations VALUES(33,'django_celery_beat','0002_auto_20161118_0346','2024-12-23 21:26:16.626188');
INSERT INTO django_migrations VALUES(34,'django_celery_beat','0003_auto_20161209_0049','2024-12-23 21:26:16.638190');
INSERT INTO django_migrations VALUES(35,'django_celery_beat','0004_auto_20170221_0000','2024-12-23 21:26:16.646191');
INSERT INTO django_migrations VALUES(36,'django_celery_beat','0005_add_solarschedule_events_choices','2024-12-23 21:26:16.654190');
INSERT INTO django_migrations VALUES(37,'django_celery_beat','0006_auto_20180322_0932','2024-12-23 21:26:16.707193');
INSERT INTO django_migrations VALUES(38,'django_celery_beat','0007_auto_20180521_0826','2024-12-23 21:26:16.739197');
INSERT INTO django_migrations VALUES(39,'django_celery_beat','0008_auto_20180914_1922','2024-12-23 21:26:16.779201');
INSERT INTO django_migrations VALUES(40,'django_celery_beat','0006_auto_20180210_1226','2024-12-23 21:26:16.805475');
INSERT INTO django_migrations VALUES(41,'django_celery_beat','0006_periodictask_priority','2024-12-23 21:26:16.819593');
INSERT INTO django_migrations VALUES(42,'django_celery_beat','0009_periodictask_headers','2024-12-23 21:26:16.837215');
INSERT INTO django_migrations VALUES(43,'django_celery_beat','0010_auto_20190429_0326','2024-12-23 21:26:17.013186');
INSERT INTO django_migrations VALUES(44,'django_celery_beat','0011_auto_20190508_0153','2024-12-23 21:26:17.033050');
INSERT INTO django_migrations VALUES(45,'django_celery_beat','0012_periodictask_expire_seconds','2024-12-23 21:26:17.048051');
INSERT INTO django_migrations VALUES(46,'django_celery_beat','0013_auto_20200609_0727','2024-12-23 21:26:17.064771');
INSERT INTO django_migrations VALUES(47,'django_celery_beat','0014_remove_clockedschedule_enabled','2024-12-23 21:26:17.075783');
INSERT INTO django_migrations VALUES(48,'django_celery_beat','0015_edit_solarschedule_events_choices','2024-12-23 21:26:17.082780');
INSERT INTO django_migrations VALUES(49,'django_celery_beat','0016_alter_crontabschedule_timezone','2024-12-23 21:26:17.100485');
INSERT INTO django_migrations VALUES(50,'django_celery_beat','0017_alter_crontabschedule_month_of_year','2024-12-23 21:26:17.110219');
INSERT INTO django_migrations VALUES(51,'django_celery_beat','0018_improve_crontab_helptext','2024-12-23 21:26:17.123219');
INSERT INTO django_migrations VALUES(52,'django_celery_beat','0019_alter_periodictasks_options','2024-12-23 21:26:17.129220');
CREATE TABLE IF NOT EXISTS "auth_group_permissions" ("id" integer NOT NULL PRIMARY KEY AUTOINCREMENT, "group_id" integer NOT NULL REFERENCES "auth_group" ("id") DEFERRABLE INITIALLY DEFERRED, "permission_id" integer NOT NULL REFERENCES "auth_permission" ("id") DEFERRABLE INITIALLY DEFERRED);
CREATE TABLE IF NOT EXISTS "auth_user_groups" ("id" integer NOT NULL PRIMARY KEY AUTOINCREMENT, "user_id" integer NOT NULL REFERENCES "auth_user" ("id") DEFERRABLE INITIALLY DEFERRED, "group_id" integer NOT NULL REFERENCES "auth_group" ("id") DEFERRABLE INITIALLY DEFERRED);
CREATE TABLE IF NOT EXISTS "auth_user_user_permissions" ("id" integer NOT NULL PRIMARY KEY AUTOINCREMENT, "user_id" integer NOT NULL REFERENCES "auth_user" ("id") DEFERRABLE INITIALLY DEFERRED, "permission_id" integer NOT NULL REFERENCES "auth_permission" ("id") DEFERRABLE INITIALLY DEFERRED);
CREATE TABLE IF NOT EXISTS "django_admin_log" ("id" integer NOT NULL PRIMARY KEY AUTOINCREMENT, "object_id" text NULL, "object_repr" varchar(200) NOT NULL, "action_flag" smallint unsigned NOT NULL CHECK ("action_flag" >= 0), "change_message" text NOT NULL, "content_type_id" integer NULL REFERENCES "django_content_type" ("id") DEFERRABLE INITIALLY DEFERRED, "user_id" integer NOT NULL REFERENCES "auth_user" ("id") DEFERRABLE INITIALLY DEFERRED, "action_time" datetime NOT NULL);
INSERT INTO django_admin_log VALUES(63,'32','Taller A Sin asignar',3,'',11,4,'2024-12-14 18:43:26.169436');
INSERT INTO django_admin_log VALUES(64,'27','Taller AA Sin asignar',3,'',11,4,'2024-12-14 18:43:26.174803');
INSERT INTO django_admin_log VALUES(65,'33','Taller B Sin asignar',3,'',11,4,'2024-12-14 18:43:26.180423');
INSERT INTO django_admin_log VALUES(66,'28','Taller BB Sin asignar',3,'',11,4,'2024-12-14 18:43:26.185047');
INSERT INTO django_admin_log VALUES(67,'34','Taller C Sin asignar',3,'',11,4,'2024-12-14 18:43:26.190273');
INSERT INTO django_admin_log VALUES(68,'29','Taller CC Sin asignar',3,'',11,4,'2024-12-14 18:43:26.195245');
INSERT INTO django_admin_log VALUES(69,'35','Taller D Sin asignar',3,'',11,4,'2024-12-14 18:43:26.199965');
INSERT INTO django_admin_log VALUES(70,'30','Taller DD Sin asignar',3,'',11,4,'2024-12-14 18:43:26.205037');
INSERT INTO django_admin_log VALUES(71,'58','Taller E Sin asignar',3,'',11,4,'2024-12-14 18:43:26.210265');
INSERT INTO django_admin_log VALUES(72,'31','Taller EE Sin asignar',3,'',11,4,'2024-12-14 18:43:26.214595');
INSERT INTO django_admin_log VALUES(73,'36','Taller F Sin asignar',3,'',11,4,'2024-12-14 18:43:26.219359');
INSERT INTO django_admin_log VALUES(74,'37','Taller G Sin asignar',3,'',11,4,'2024-12-14 18:43:26.224358');
INSERT INTO django_admin_log VALUES(75,'38','Taller H Sin asignar',3,'',11,4,'2024-12-14 18:43:26.229195');
INSERT INTO django_admin_log VALUES(76,'52','Taller I Sin asignar',3,'',11,4,'2024-12-14 18:43:26.234360');
INSERT INTO django_admin_log VALUES(77,'53','Taller J Sin asignar',3,'',11,4,'2024-12-14 18:43:26.239498');
INSERT INTO django_admin_log VALUES(78,'54','Taller K Sin asignar',3,'',11,4,'2024-12-14 18:43:26.244496');
INSERT INTO django_admin_log VALUES(79,'55','Taller L Sin asignar',3,'',11,4,'2024-12-14 18:43:26.249151');
INSERT INTO django_admin_log VALUES(80,'56','Taller M Sin asignar',3,'',11,4,'2024-12-14 18:43:26.253775');
INSERT INTO django_admin_log VALUES(81,'57','Taller N Sin asignar',3,'',11,4,'2024-12-14 18:43:26.258773');
INSERT INTO django_admin_log VALUES(82,'45','Taller O Sin asignar',3,'',11,4,'2024-12-14 18:43:26.264134');
INSERT INTO django_admin_log VALUES(83,'46','Taller P Sin asignar',3,'',11,4,'2024-12-14 18:43:26.268687');
INSERT INTO django_admin_log VALUES(84,'47','Taller R Sin asignar',3,'',11,4,'2024-12-14 18:43:26.273551');
INSERT INTO django_admin_log VALUES(85,'48','Taller T Sin asignar',3,'',11,4,'2024-12-14 18:43:26.278551');
INSERT INTO django_admin_log VALUES(86,'49','Taller U Sin asignar',3,'',11,4,'2024-12-14 18:43:26.283390');
INSERT INTO django_admin_log VALUES(87,'50','Taller W Sin asignar',3,'',11,4,'2024-12-14 18:43:26.287692');
INSERT INTO django_admin_log VALUES(88,'51','Taller Z Sin asignar',3,'',11,4,'2024-12-14 18:43:26.292581');
INSERT INTO django_admin_log VALUES(89,'59','Taller AA Sin asignar',3,'',11,4,'2024-12-14 18:51:09.367052');
INSERT INTO django_admin_log VALUES(90,'60','Taller AA Sin asignar',3,'',11,4,'2024-12-14 18:59:17.473491');
INSERT INTO django_admin_log VALUES(91,'61','Taller Prueba Sin asignar',3,'',11,4,'2024-12-14 18:59:17.479492');
INSERT INTO django_admin_log VALUES(92,'62','Taller Prueba 2 Sin asignar',3,'',11,4,'2024-12-14 18:59:17.484492');
INSERT INTO django_admin_log VALUES(93,'63','Taller Prueba 3 Sin asignar',3,'',11,4,'2024-12-14 18:59:17.489492');
INSERT INTO django_admin_log VALUES(94,'77','Taller AAA Sin asignar',3,'',11,4,'2024-12-14 19:16:29.553088');
INSERT INTO django_admin_log VALUES(95,'75','Taller G Sin asignar',3,'',11,4,'2024-12-14 19:16:29.559007');
INSERT INTO django_admin_log VALUES(96,'76','Taller H Sin asignar',3,'',11,4,'2024-12-14 19:16:29.563344');
INSERT INTO django_admin_log VALUES(107,'8','CesarHerrera4142',3,'',4,4,'2024-12-21 22:40:27.206976');
INSERT INTO django_admin_log VALUES(108,'7','CesarHerrera232',3,'',4,4,'2024-12-21 22:40:33.231613');
INSERT INTO django_admin_log VALUES(109,'3','CesarHerrera32',3,'',4,4,'2024-12-21 22:40:38.235331');
INSERT INTO django_admin_log VALUES(110,'5','Prueba2',3,'',4,4,'2024-12-21 22:40:45.000305');
INSERT INTO django_admin_log VALUES(111,'6','diosmio',3,'',4,4,'2024-12-21 22:40:50.513095');
INSERT INTO django_admin_log VALUES(112,'2','gregorio',3,'',4,4,'2024-12-21 22:40:59.464760');
INSERT INTO django_admin_log VALUES(113,'1','adrianafontan',3,'',4,4,'2024-12-21 22:41:06.363372');
INSERT INTO django_admin_log VALUES(114,'3','Jacobo Restrepo (ID: 3) (Grado: 6)',2,'[{"changed": {"fields": ["Status"]}}]',7,4,'2024-12-23 21:35:06.045036');
INSERT INTO django_admin_log VALUES(115,'1','Pedro Saldarriaga (ID: 1) (Grado: 11)',2,'[{"changed": {"fields": ["Status"]}}]',7,4,'2024-12-23 21:35:10.619692');
INSERT INTO django_admin_log VALUES(116,'7','Valentina Perez (ID: 7) (Grado: 1)',2,'[{"changed": {"fields": ["Status"]}}]',7,4,'2024-12-23 21:35:13.964169');
INSERT INTO django_admin_log VALUES(117,'6','Victor Hugo Hurtado (ID: 6) (Grado: 1)',2,'[]',7,4,'2024-12-23 21:35:18.319791');
INSERT INTO django_admin_log VALUES(118,'7','Valentina Perez (ID: 7) (Grado: 1)',2,'[]',7,4,'2024-12-23 21:35:19.790003');
INSERT INTO django_admin_log VALUES(119,'4','Isabela Giraldo (ID: 4) (Grado: 1)',2,'[]',7,4,'2024-12-23 21:35:23.698498');
INSERT INTO django_admin_log VALUES(120,'93','Descanso Sin asignar',3,'',11,4,'2024-12-24 21:53:51.844651');
INSERT INTO django_admin_log VALUES(121,'80','Taller G Tutor: johnduque',2,'[{"changed": {"fields": ["Tutor"]}}]',11,12,'2025-01-09 00:16:15.211580');
INSERT INTO django_admin_log VALUES(122,'10','Alejandro Rios (ID: 10) (Grado: 5)',2,'[{"changed": {"fields": ["Workshop"]}}]',7,12,'2025-01-11 21:08:52.941911');
CREATE TABLE IF NOT EXISTS "django_content_type" ("id" integer NOT NULL PRIMARY KEY AUTOINCREMENT, "app_label" varchar(100) NOT NULL, "model" varchar(100) NOT NULL);
INSERT INTO django_content_type VALUES(1,'admin','logentry');
INSERT INTO django_content_type VALUES(2,'auth','permission');
INSERT INTO django_content_type VALUES(3,'auth','group');
INSERT INTO django_content_type VALUES(4,'auth','user');
INSERT INTO django_content_type VALUES(5,'contenttypes','contenttype');
INSERT INTO django_content_type VALUES(6,'sessions','session');
INSERT INTO django_content_type VALUES(7,'students','student');
INSERT INTO django_content_type VALUES(8,'tutors','tutor');
INSERT INTO django_content_type VALUES(9,'tutors','scheduletutor');
INSERT INTO django_content_type VALUES(10,'workshops','block');
INSERT INTO django_content_type VALUES(11,'workshops','workshop');
INSERT INTO django_content_type VALUES(12,'schedules','schedule');
INSERT INTO django_content_type VALUES(13,'django_celery_beat','crontabschedule');
INSERT INTO django_content_type VALUES(14,'django_celery_beat','intervalschedule');
INSERT INTO django_content_type VALUES(15,'django_celery_beat','periodictask');
INSERT INTO django_content_type VALUES(16,'django_celery_beat','periodictasks');
INSERT INTO django_content_type VALUES(17,'django_celery_beat','solarschedule');
INSERT INTO django_content_type VALUES(18,'django_celery_beat','clockedschedule');
CREATE TABLE IF NOT EXISTS "auth_permission" ("id" integer NOT NULL PRIMARY KEY AUTOINCREMENT, "content_type_id" integer NOT NULL REFERENCES "django_content_type" ("id") DEFERRABLE INITIALLY DEFERRED, "codename" varchar(100) NOT NULL, "name" varchar(255) NOT NULL);
INSERT INTO auth_permission VALUES(1,1,'add_logentry','Can add log entry');
INSERT INTO auth_permission VALUES(2,1,'change_logentry','Can change log entry');
INSERT INTO auth_permission VALUES(3,1,'delete_logentry','Can delete log entry');
INSERT INTO auth_permission VALUES(4,1,'view_logentry','Can view log entry');
INSERT INTO auth_permission VALUES(5,2,'add_permission','Can add permission');
INSERT INTO auth_permission VALUES(6,2,'change_permission','Can change permission');
INSERT INTO auth_permission VALUES(7,2,'delete_permission','Can delete permission');
INSERT INTO auth_permission VALUES(8,2,'view_permission','Can view permission');
INSERT INTO auth_permission VALUES(9,3,'add_group','Can add group');
INSERT INTO auth_permission VALUES(10,3,'change_group','Can change group');
INSERT INTO auth_permission VALUES(11,3,'delete_group','Can delete group');
INSERT INTO auth_permission VALUES(12,3,'view_group','Can view group');
INSERT INTO auth_permission VALUES(13,4,'add_user','Can add user');
INSERT INTO auth_permission VALUES(14,4,'change_user','Can change user');
INSERT INTO auth_permission VALUES(15,4,'delete_user','Can delete user');
INSERT INTO auth_permission VALUES(16,4,'view_user','Can view user');
INSERT INTO auth_permission VALUES(17,5,'add_contenttype','Can add content type');
INSERT INTO auth_permission VALUES(18,5,'change_contenttype','Can change content type');
INSERT INTO auth_permission VALUES(19,5,'delete_contenttype','Can delete content type');
INSERT INTO auth_permission VALUES(20,5,'view_contenttype','Can view content type');
INSERT INTO auth_permission VALUES(21,6,'add_session','Can add session');
INSERT INTO auth_permission VALUES(22,6,'change_session','Can change session');
INSERT INTO auth_permission VALUES(23,6,'delete_session','Can delete session');
INSERT INTO auth_permission VALUES(24,6,'view_session','Can view session');
INSERT INTO auth_permission VALUES(25,7,'add_student','Can add student');
INSERT INTO auth_permission VALUES(26,7,'change_student','Can change student');
INSERT INTO auth_permission VALUES(27,7,'delete_student','Can delete student');
INSERT INTO auth_permission VALUES(28,7,'view_student','Can view student');
INSERT INTO auth_permission VALUES(29,8,'add_tutor','Can add tutor');
INSERT INTO auth_permission VALUES(30,8,'change_tutor','Can change tutor');
INSERT INTO auth_permission VALUES(31,8,'delete_tutor','Can delete tutor');
INSERT INTO auth_permission VALUES(32,8,'view_tutor','Can view tutor');
INSERT INTO auth_permission VALUES(33,9,'add_scheduletutor','Can add schedule tutor');
INSERT INTO auth_permission VALUES(34,9,'change_scheduletutor','Can change schedule tutor');
INSERT INTO auth_permission VALUES(35,9,'delete_scheduletutor','Can delete schedule tutor');
INSERT INTO auth_permission VALUES(36,9,'view_scheduletutor','Can view schedule tutor');
INSERT INTO auth_permission VALUES(37,10,'add_block','Can add block');
INSERT INTO auth_permission VALUES(38,10,'change_block','Can change block');
INSERT INTO auth_permission VALUES(39,10,'delete_block','Can delete block');
INSERT INTO auth_permission VALUES(40,10,'view_block','Can view block');
INSERT INTO auth_permission VALUES(41,11,'add_workshop','Can add workshop');
INSERT INTO auth_permission VALUES(42,11,'change_workshop','Can change workshop');
INSERT INTO auth_permission VALUES(43,11,'delete_workshop','Can delete workshop');
INSERT INTO auth_permission VALUES(44,11,'view_workshop','Can view workshop');
INSERT INTO auth_permission VALUES(45,12,'add_schedule','Can add schedule');
INSERT INTO auth_permission VALUES(46,12,'change_schedule','Can change schedule');
INSERT INTO auth_permission VALUES(47,12,'delete_schedule','Can delete schedule');
INSERT INTO auth_permission VALUES(48,12,'view_schedule','Can view schedule');
INSERT INTO auth_permission VALUES(49,13,'add_crontabschedule','Can add crontab');
INSERT INTO auth_permission VALUES(50,13,'change_crontabschedule','Can change crontab');
INSERT INTO auth_permission VALUES(51,13,'delete_crontabschedule','Can delete crontab');
INSERT INTO auth_permission VALUES(52,13,'view_crontabschedule','Can view crontab');
INSERT INTO auth_permission VALUES(53,14,'add_intervalschedule','Can add interval');
INSERT INTO auth_permission VALUES(54,14,'change_intervalschedule','Can change interval');
INSERT INTO auth_permission VALUES(55,14,'delete_intervalschedule','Can delete interval');
INSERT INTO auth_permission VALUES(56,14,'view_intervalschedule','Can view interval');
INSERT INTO auth_permission VALUES(57,15,'add_periodictask','Can add periodic task');
INSERT INTO auth_permission VALUES(58,15,'change_periodictask','Can change periodic task');
INSERT INTO auth_permission VALUES(59,15,'delete_periodictask','Can delete periodic task');
INSERT INTO auth_permission VALUES(60,15,'view_periodictask','Can view periodic task');
INSERT INTO auth_permission VALUES(61,16,'add_periodictasks','Can add periodic task track');
INSERT INTO auth_permission VALUES(62,16,'change_periodictasks','Can change periodic task track');
INSERT INTO auth_permission VALUES(63,16,'delete_periodictasks','Can delete periodic task track');
INSERT INTO auth_permission VALUES(64,16,'view_periodictasks','Can view periodic task track');
INSERT INTO auth_permission VALUES(65,17,'add_solarschedule','Can add solar event');
INSERT INTO auth_permission VALUES(66,17,'change_solarschedule','Can change solar event');
INSERT INTO auth_permission VALUES(67,17,'delete_solarschedule','Can delete solar event');
INSERT INTO auth_permission VALUES(68,17,'view_solarschedule','Can view solar event');
INSERT INTO auth_permission VALUES(69,18,'add_clockedschedule','Can add clocked');
INSERT INTO auth_permission VALUES(70,18,'change_clockedschedule','Can change clocked');
INSERT INTO auth_permission VALUES(71,18,'delete_clockedschedule','Can delete clocked');
INSERT INTO auth_permission VALUES(72,18,'view_clockedschedule','Can view clocked');
CREATE TABLE IF NOT EXISTS "auth_group" ("id" integer NOT NULL PRIMARY KEY AUTOINCREMENT, "name" varchar(150) NOT NULL UNIQUE);
CREATE TABLE IF NOT EXISTS "auth_user" ("id" integer NOT NULL PRIMARY KEY AUTOINCREMENT, "password" varchar(128) NOT NULL, "last_login" datetime NULL, "is_superuser" bool NOT NULL, "username" varchar(150) NOT NULL UNIQUE, "last_name" varchar(150) NOT NULL, "email" varchar(254) NOT NULL, "is_staff" bool NOT NULL, "is_active" bool NOT NULL, "date_joined" datetime NOT NULL, "first_name" varchar(150) NOT NULL);
INSERT INTO auth_user VALUES(4,'pbkdf2_sha256$720000$RMRyQRwgsXrLjnDpWLzIrU$8tpqqwvLQxZOhAA9GN5/YF8ff/xhMuF491I/n8d+2cY=','2024-12-24 21:55:57.783562',1,'saldaf','','pedrosaldafo@gmail.com',1,1,'2024-12-14 18:42:35.468466','');
INSERT INTO auth_user VALUES(9,'pbkdf2_sha256$720000$hZCvHZFX6LXtYvUZ9GdHdn$vgSqztwsJidcOnLmPnGfZ0vJt5lzVhpTAI2jTblqEQ0=','2024-12-23 21:33:59.784177',0,'PatriRendon','Rendon','patrirendon@colegiofontan.edu.co',1,1,'2024-12-21 22:14:13.111273','Patricia');
INSERT INTO auth_user VALUES(10,'pbkdf2_sha256$720000$n58YOFvSCzvB3um464sQ5D$nvB0pry0ES2nvskSEJS6XsF1AmGtO5nflSXLOCzJC7k=','2024-12-21 22:29:31.820878',0,'Luisilla','Betancur','luibetancur@colegiofontan.edu.co',1,1,'2024-12-21 22:29:27.211393','Luisa');
INSERT INTO auth_user VALUES(11,'pbkdf2_sha256$720000$wzsWsq9wELYyDgHuKt2eXD$ThlJ6FSVztOz14DpH3CHX7CRDTnai24Gf9q8x+0MN5E=','2025-01-04 18:07:27.624011',0,'johnduque','Duque','duquejohn00@hotmail.com',1,1,'2025-01-03 19:28:51.447688','John Jairo');
INSERT INTO auth_user VALUES(12,'pbkdf2_sha256$720000$vbrzo5FYjy9TLTLJXyxFcA$4vIdE/o7dHCXIyaDSiB4lYkmsNJWcq0qTyVrZR5FQEA=','2025-01-11 21:08:59.324672',1,'adrianafontan','','adriana@gmail.com',1,1,'2025-01-04 18:34:29.083613','');
CREATE TABLE IF NOT EXISTS "django_session" ("session_key" varchar(40) NOT NULL PRIMARY KEY, "session_data" text NOT NULL, "expire_date" datetime NOT NULL);
INSERT INTO django_session VALUES('a6fqtygx5nccqp88wp1owy89ufcy5cwz','.eJxVjDsOwjAQBe_iGlk4_q0p6TlDtN5dcADZUpxUiLtDpBTQvpl5LzXiupRx7TKPE6uTGtThd8tID6kb4DvWW9PU6jJPWW-K3mnXl8byPO_u30HBXr41CgXrMSfrJDpg74kByB-j9cmIgB3IGCaxQNFcXUocXcAcXMhAQdT7A-cmN_A:1tMAZ6:l1qgHsMVgTJjnjmjYRuWlRFhfjaoGNYUdUYDc6U3WSY','2024-12-27 18:39:04.854508');
INSERT INTO django_session VALUES('i6aur04hgk96qech7llq4dpg7wli2k4g','.eJxVjDsOwjAQBe_iGlk4_q0p6TlDtN5dcADZUpxUiLtDpBTQvpl5LzXiupRx7TKPE6uTGtThd8tID6kb4DvWW9PU6jJPWW-K3mnXl8byPO_u30HBXr41CgXrMSfrJDpg74kByB-j9cmIgB3IGCaxQNFcXUocXcAcXMhAQdT7A-cmN_A:1tMAsZ:oNRlR8abgXH1QCT-FLyAXv9efybHG62P6lwCXzbuBpw','2024-12-27 18:59:11.937572');
INSERT INTO django_session VALUES('vu1mkdiv9ncss9b45pq7pav926yn6q2b','.eJxVjDsOwjAQBe_iGlk4_q0p6TlDtN5dcADZUpxUiLtDpBTQvpl5LzXiupRx7TKPE6uTGtThd8tID6kb4DvWW9PU6jJPWW-K3mnXl8byPO_u30HBXr41CgXrMSfrJDpg74kByB-j9cmIgB3IGCaxQNFcXUocXcAcXMhAQdT7A-cmN_A:1tMudQ:0jzI75Fl6TVAs8gwarlnj8UXUGMxMHBhZbwBFoyk-mQ','2024-12-29 19:50:36.105324');
INSERT INTO django_session VALUES('flacwr6fi2ktajsklulk7feib0tb5nay','.eJxVjDsOwjAQBe_iGlk4_q0p6TlDtN5dcADZUpxUiLtDpBTQvpl5LzXiupRx7TKPE6uTGtThd8tID6kb4DvWW9PU6jJPWW-K3mnXl8byPO_u30HBXr41CgXrMSfrJDpg74kByB-j9cmIgB3IGCaxQNFcXUocXcAcXMhAQdT7A-cmN_A:1tMxLG:2AzIyDots48O-XJd7g3TgqPCngs28W7awuDWSBpFnxs','2024-12-29 22:44:02.192532');
INSERT INTO django_session VALUES('m864dbfn3zthup9r4opzt9k5g0g513ha','.eJxVjDsOwjAUBO_iGll24i8lPWew3vNaOIAcKU4qxN0hUgpod2b2JRJta01bL0uaIM7Ci9PvxpQfpe0Ad2q3Wea5rcvEclfkQbu8zijPy-H-HVTq9VvroBlZq2DGkOMQUTIFRAtFhp3Slr2DpTEGbXM0Hg5mAHt4BXbRiPcH3qo3sg:1tN1Yh:8Pg86iQU4BTFFBl1L40vquJ8Ea9W8XFrr1nTDCDnFh4','2024-12-30 03:14:11.498423');
INSERT INTO django_session VALUES('hzd9628uxh89jajyn1w9dcbgfh7fsmjh','.eJxVjDsOwjAUBO_iGll24i8lPWew3vNaOIAcKU4qxN0hUgpod2b2JRJta01bL0uaIM7Ci9PvxpQfpe0Ad2q3Wea5rcvEclfkQbu8zijPy-H-HVTq9VvroBlZq2DGkOMQUTIFRAtFhp3Slr2DpTEGbXM0Hg5mAHt4BXbRiPcH3qo3sg:1tN1Yh:8Pg86iQU4BTFFBl1L40vquJ8Ea9W8XFrr1nTDCDnFh4','2024-12-30 03:14:11.836090');
INSERT INTO django_session VALUES('uah71105ck9sljq03b85mfqkz0ckvs93','.eJxVjDsOwjAQBe_iGlk4_q0p6TlDtN5dcADZUpxUiLtDpBTQvpl5LzXiupRx7TKPE6uTGtThd8tID6kb4DvWW9PU6jJPWW-K3mnXl8byPO_u30HBXr41CgXrMSfrJDpg74kByB-j9cmIgB3IGCaxQNFcXUocXcAcXMhAQdT7A-cmN_A:1tNCFG:PwDfeLieMHRVDLE_AVp6uISKmqIDtpFeWnF_bEQUHX4','2024-12-30 14:38:50.535501');
INSERT INTO django_session VALUES('crbiifduhuenzthyfgusyoznq0ip5amc','.eJxVjDsOwjAQBe_iGlk4_q0p6TlDtN5dcADZUpxUiLtDpBTQvpl5LzXiupRx7TKPE6uTGtThd8tID6kb4DvWW9PU6jJPWW-K3mnXl8byPO_u30HBXr41CgXrMSfrJDpg74kByB-j9cmIgB3IGCaxQNFcXUocXcAcXMhAQdT7A-cmN_A:1tNFIz:KvgD033apBlwLvQUdxWYrOfsSX5vi3kdyqgYvfTia-M','2024-12-30 17:54:53.977925');
INSERT INTO django_session VALUES('bna8d0d5s7jf7p1v73goxmb9265a76r0','.eJxVjDsOwjAQBe_iGlk4_q0p6TlDtN5dcADZUpxUiLtDpBTQvpl5LzXiupRx7TKPE6uTGtThd8tID6kb4DvWW9PU6jJPWW-K3mnXl8byPO_u30HBXr41CgXrMSfrJDpg74kByB-j9cmIgB3IGCaxQNFcXUocXcAcXMhAQdT7A-cmN_A:1tNMHm:5eSPVh9Dv-CP_p8K5IY4_kW5Gdh1fm5lsh_oy21jIzw','2024-12-31 01:22:06.167891');
INSERT INTO django_session VALUES('ikf32tj9thraxbi1js1uxg27tclwwe5i','.eJxVjDsOwjAQBe_iGln-xJ9Q0ucM1q7XxgFkS3FSIe5OIqWA9s3Me7MA21rC1tMSZmJXNrDL74YQn6kegB5Q743HVtdlRn4o_KSdT43S63a6fwcFetnrBMo4F-MoJXgfiTKCIqcpK8gyGnSksrdgUfoB0GphwIB2o0hiLyT7fAEP6ziB:1tQCsf:puq4TXBX4elcQIPeVs9F-8aryAWwX5dRjTCAbp3QMek','2025-01-07 21:55:57.789948');
INSERT INTO django_session VALUES('gbnu07b2cp7akqywr3i2067t0jr4gc0q','.eJxVjDsOwjAQBe_iGln-4M9S0ucM1tq7xgGUSHFSIe4OkVJA-2bmvUTCbW1p67ykkcRFaCNOv2PG8uBpJ3TH6TbLMk_rMma5K_KgXQ4z8fN6uH8HDXv71hWr51hUCYjGOK-BCJwOhXKw5IIBpWw0XDwznE3UCIHQo4JqLTgn3h8VlDfl:1tU8zY:54ihWfZzH0mPI5oYqYzAcX8R_Vd4i9jM_WlMX0XtwWo','2025-01-18 18:35:20.250180');
INSERT INTO django_session VALUES('34hg71bkt7gpwhfalwxaazuiz2epmuba','.eJxVjDsOwjAQBe_iGln-4M9S0ucM1tq7xgGUSHFSIe4OkVJA-2bmvUTCbW1p67ykkcRFaCNOv2PG8uBpJ3TH6TbLMk_rMma5K_KgXQ4z8fN6uH8HDXv71hWr51hUCYjGOK-BCJwOhXKw5IIBpWw0XDwznE3UCIHQo4JqLTgn3h8VlDfl:1tUv35:kCjmOEQoctjGgQ49brSGF3bLCXzZSVuDRSEOw2Akfr0','2025-01-20 21:54:11.114746');
INSERT INTO django_session VALUES('7t8ub3qfzcp7gsaecgoo4ksd58whsjmz','.eJxVjDsOwjAQBe_iGln-4M9S0ucM1tq7xgGUSHFSIe4OkVJA-2bmvUTCbW1p67ykkcRFaCNOv2PG8uBpJ3TH6TbLMk_rMma5K_KgXQ4z8fN6uH8HDXv71hWr51hUCYjGOK-BCJwOhXKw5IIBpWw0XDwznE3UCIHQo4JqLTgn3h8VlDfl:1tVNER:Kykz_8zr_Gz3PMEcqy8ILx6eh4hXab7HhoymmMTJLgY','2025-01-22 03:59:47.513147');
INSERT INTO django_session VALUES('xd5dxf4xpjffxxre16woiqt62j5qspex','.eJxVjDsOwjAQBe_iGln-4M9S0ucM1tq7xgGUSHFSIe4OkVJA-2bmvUTCbW1p67ykkcRFaCNOv2PG8uBpJ3TH6TbLMk_rMma5K_KgXQ4z8fN6uH8HDXv71hWr51hUCYjGOK-BCJwOhXKw5IIBpWw0XDwznE3UCIHQo4JqLTgn3h8VlDfl:1tWiQG:qkiRhy--76fZMM5hVQ4ClXatb2k2a7hv3HvVtpOfFpE','2025-01-25 20:49:32.938392');
INSERT INTO django_session VALUES('0j7lnh1eezfnif36rh2o8sp9bpewoyuq','.eJxVjDsOwjAQBe_iGln-4M9S0ucM1tq7xgGUSHFSIe4OkVJA-2bmvUTCbW1p67ykkcRFaCNOv2PG8uBpJ3TH6TbLMk_rMma5K_KgXQ4z8fN6uH8HDXv71hWr51hUCYjGOK-BCJwOhXKw5IIBpWw0XDwznE3UCIHQo4JqLTgn3h8VlDfl:1tWij5:skBXvoToUyut3uO7XIDDTY5rB3GFvGWj6pXhmOoRPd0','2025-01-25 21:08:59.326978');
CREATE TABLE IF NOT EXISTS "workshops_workshop" ("workshop_id" integer NOT NULL PRIMARY KEY AUTOINCREMENT, "name" varchar(100) NOT NULL UNIQUE, "max_capacity" integer NOT NULL, "type" varchar(20) NOT NULL, "tutor_id" integer NULL REFERENCES "tutors_tutor" ("tutor_id") DEFERRABLE INITIALLY DEFERRED);
INSERT INTO workshops_workshop VALUES(64,'Taller AA',15,'primary',NULL);
INSERT INTO workshops_workshop VALUES(65,'Taller DD',15,'primary',NULL);
INSERT INTO workshops_workshop VALUES(66,'Taller BB',15,'primary',NULL);
INSERT INTO workshops_workshop VALUES(67,'Taller CC',15,'primary',NULL);
INSERT INTO workshops_workshop VALUES(68,'Taller EE',15,'primary',NULL);
INSERT INTO workshops_workshop VALUES(69,'Taller A',15,'primary',5);
INSERT INTO workshops_workshop VALUES(70,'Taller B',15,'primary',NULL);
INSERT INTO workshops_workshop VALUES(71,'Taller C',15,'primary',NULL);
INSERT INTO workshops_workshop VALUES(72,'Taller D',15,'primary',NULL);
INSERT INTO workshops_workshop VALUES(73,'Taller E',15,'primary',NULL);
INSERT INTO workshops_workshop VALUES(74,'Taller F',15,'primary',NULL);
INSERT INTO workshops_workshop VALUES(78,'Taller I',25,'high_school',NULL);
INSERT INTO workshops_workshop VALUES(79,'Taller R',25,'collective',6);
INSERT INTO workshops_workshop VALUES(80,'Taller G',25,'high_school',7);
INSERT INTO workshops_workshop VALUES(81,'Taller H',18,'collective',NULL);
INSERT INTO workshops_workshop VALUES(82,'Taller J',25,'high_school',NULL);
INSERT INTO workshops_workshop VALUES(83,'Taller K',25,'high_school',NULL);
INSERT INTO workshops_workshop VALUES(84,'Taller L',25,'high_school',NULL);
INSERT INTO workshops_workshop VALUES(85,'Taller M',25,'high_school',NULL);
INSERT INTO workshops_workshop VALUES(86,'Taller N',25,'high_school',NULL);
INSERT INTO workshops_workshop VALUES(87,'Taller O',25,'high_school',NULL);
INSERT INTO workshops_workshop VALUES(88,'Taller P',25,'high_school',NULL);
INSERT INTO workshops_workshop VALUES(89,'Taller T',25,'collective',NULL);
INSERT INTO workshops_workshop VALUES(90,'Taller U',25,'collective',NULL);
INSERT INTO workshops_workshop VALUES(91,'Taller W',25,'collective',NULL);
INSERT INTO workshops_workshop VALUES(92,'Taller Z',25,'high_school',NULL);
CREATE TABLE IF NOT EXISTS "workshops_block_students" ("id" integer NOT NULL PRIMARY KEY AUTOINCREMENT, "block_id" integer NOT NULL REFERENCES "workshops_block" ("block_id") DEFERRABLE INITIALLY DEFERRED, "student_id" integer NOT NULL REFERENCES "students_student" ("student_id") DEFERRABLE INITIALLY DEFERRED);
INSERT INTO workshops_block_students VALUES(2,7,1);
INSERT INTO workshops_block_students VALUES(4,1,2);
INSERT INTO workshops_block_students VALUES(5,1,6);
INSERT INTO workshops_block_students VALUES(6,355,1);
INSERT INTO workshops_block_students VALUES(7,745,1);
INSERT INTO workshops_block_students VALUES(9,6,2);
INSERT INTO workshops_block_students VALUES(21,351,1);
INSERT INTO workshops_block_students VALUES(24,356,1);
INSERT INTO workshops_block_students VALUES(25,101,2);
INSERT INTO workshops_block_students VALUES(26,12,2);
INSERT INTO workshops_block_students VALUES(27,618,2);
INSERT INTO workshops_block_students VALUES(28,75,2);
INSERT INTO workshops_block_students VALUES(29,8,2);
INSERT INTO workshops_block_students VALUES(30,6,6);
INSERT INTO workshops_block_students VALUES(31,25,6);
INSERT INTO workshops_block_students VALUES(32,59,6);
INSERT INTO workshops_block_students VALUES(33,88,6);
INSERT INTO workshops_block_students VALUES(34,117,6);
INSERT INTO workshops_block_students VALUES(35,582,1);
INSERT INTO workshops_block_students VALUES(36,695,6);
INSERT INTO workshops_block_students VALUES(37,351,3);
INSERT INTO workshops_block_students VALUES(40,25,4);
INSERT INTO workshops_block_students VALUES(41,476,1);
INSERT INTO workshops_block_students VALUES(42,656,4);
INSERT INTO workshops_block_students VALUES(43,30,4);
INSERT INTO workshops_block_students VALUES(45,355,3);
INSERT INTO workshops_block_students VALUES(46,376,1);
INSERT INTO workshops_block_students VALUES(47,364,3);
INSERT INTO workshops_block_students VALUES(48,65,7);
INSERT INTO workshops_block_students VALUES(49,50,2);
INSERT INTO workshops_block_students VALUES(50,1,1);
INSERT INTO workshops_block_students VALUES(51,1,3);
INSERT INTO workshops_block_students VALUES(52,1,4);
INSERT INTO workshops_block_students VALUES(53,1,7);
INSERT INTO workshops_block_students VALUES(54,534,1);
INSERT INTO workshops_block_students VALUES(56,6,7);
INSERT INTO workshops_block_students VALUES(57,20,7);
INSERT INTO workshops_block_students VALUES(58,15,7);
INSERT INTO workshops_block_students VALUES(59,5,7);
INSERT INTO workshops_block_students VALUES(60,354,3);
INSERT INTO workshops_block_students VALUES(61,21,4);
INSERT INTO workshops_block_students VALUES(63,26,4);
INSERT INTO workshops_block_students VALUES(64,1,8);
INSERT INTO workshops_block_students VALUES(65,26,8);
INSERT INTO workshops_block_students VALUES(66,6,8);
INSERT INTO workshops_block_students VALUES(67,702,8);
INSERT INTO workshops_block_students VALUES(68,370,1);
INSERT INTO workshops_block_students VALUES(69,26,7);
INSERT INTO workshops_block_students VALUES(70,351,9);
INSERT INTO workshops_block_students VALUES(74,738,9);
INSERT INTO workshops_block_students VALUES(75,25,2);
INSERT INTO workshops_block_students VALUES(76,16,2);
INSERT INTO workshops_block_students VALUES(77,27,2);
INSERT INTO workshops_block_students VALUES(78,697,2);
INSERT INTO workshops_block_students VALUES(79,658,2);
INSERT INTO workshops_block_students VALUES(80,367,1);
INSERT INTO workshops_block_students VALUES(81,19,2);
INSERT INTO workshops_block_students VALUES(82,45,2);
INSERT INTO workshops_block_students VALUES(83,46,2);
INSERT INTO workshops_block_students VALUES(84,65,4);
INSERT INTO workshops_block_students VALUES(85,41,4);
INSERT INTO workshops_block_students VALUES(86,121,2);
INSERT INTO workshops_block_students VALUES(87,126,2);
INSERT INTO workshops_block_students VALUES(88,121,4);
INSERT INTO workshops_block_students VALUES(89,121,6);
INSERT INTO workshops_block_students VALUES(90,125,6);
INSERT INTO workshops_block_students VALUES(92,2,6);
INSERT INTO workshops_block_students VALUES(93,27,6);
INSERT INTO workshops_block_students VALUES(94,50,4);
INSERT INTO workshops_block_students VALUES(95,2,4);
INSERT INTO workshops_block_students VALUES(96,695,4);
INSERT INTO workshops_block_students VALUES(99,3,4);
INSERT INTO workshops_block_students VALUES(100,4,4);
INSERT INTO workshops_block_students VALUES(101,5,4);
INSERT INTO workshops_block_students VALUES(102,56,4);
INSERT INTO workshops_block_students VALUES(103,54,4);
INSERT INTO workshops_block_students VALUES(104,699,6);
INSERT INTO workshops_block_students VALUES(105,497,1);
INSERT INTO workshops_block_students VALUES(106,105,2);
INSERT INTO workshops_block_students VALUES(107,722,2);
INSERT INTO workshops_block_students VALUES(108,136,2);
INSERT INTO workshops_block_students VALUES(109,694,2);
INSERT INTO workshops_block_students VALUES(110,600,9);
INSERT INTO workshops_block_students VALUES(111,14,4);
INSERT INTO workshops_block_students VALUES(112,11,4);
INSERT INTO workshops_block_students VALUES(113,157,2);
INSERT INTO workshops_block_students VALUES(114,694,10);
INSERT INTO workshops_block_students VALUES(115,652,10);
INSERT INTO workshops_block_students VALUES(116,610,10);
INSERT INTO workshops_block_students VALUES(117,435,10);
INSERT INTO workshops_block_students VALUES(118,393,10);
INSERT INTO workshops_block_students VALUES(119,61,10);
INSERT INTO workshops_block_students VALUES(120,95,10);
INSERT INTO workshops_block_students VALUES(121,668,10);
INSERT INTO workshops_block_students VALUES(122,144,10);
INSERT INTO workshops_block_students VALUES(123,141,10);
INSERT INTO workshops_block_students VALUES(124,129,6);
INSERT INTO workshops_block_students VALUES(125,697,6);
INSERT INTO workshops_block_students VALUES(126,694,6);
INSERT INTO workshops_block_students VALUES(127,651,6);
INSERT INTO workshops_block_students VALUES(128,370,2);
INSERT INTO workshops_block_students VALUES(129,651,2);
INSERT INTO workshops_block_students VALUES(130,413,1);
INSERT INTO workshops_block_students VALUES(131,513,1);
INSERT INTO workshops_block_students VALUES(132,744,1);
INSERT INTO workshops_block_students VALUES(133,532,1);
INSERT INTO workshops_block_students VALUES(134,121,8);
INSERT INTO workshops_block_students VALUES(135,193,8);
INSERT INTO workshops_block_students VALUES(136,25,8);
INSERT INTO workshops_block_students VALUES(137,494,1);
INSERT INTO workshops_block_students VALUES(138,193,6);
INSERT INTO workshops_block_students VALUES(141,3,6);
INSERT INTO workshops_block_students VALUES(142,73,8);
INSERT INTO workshops_block_students VALUES(143,737,9);
INSERT INTO workshops_block_students VALUES(144,513,9);
CREATE TABLE IF NOT EXISTS "schedules_schedule" ("schedule_id" integer NOT NULL PRIMARY KEY AUTOINCREMENT, "high_school" bool NOT NULL, "block_id" integer NOT NULL REFERENCES "workshops_block" ("block_id") DEFERRABLE INITIALLY DEFERRED, "student_id" integer NOT NULL REFERENCES "students_student" ("student_id") DEFERRABLE INITIALLY DEFERRED);
INSERT INTO schedules_schedule VALUES(3,0,79,2);
INSERT INTO schedules_schedule VALUES(4,0,155,2);
INSERT INTO schedules_schedule VALUES(6,0,116,2);
INSERT INTO schedules_schedule VALUES(8,0,24,2);
INSERT INTO schedules_schedule VALUES(10,0,355,1);
INSERT INTO schedules_schedule VALUES(11,0,745,1);
INSERT INTO schedules_schedule VALUES(28,0,356,1);
INSERT INTO schedules_schedule VALUES(29,0,101,2);
INSERT INTO schedules_schedule VALUES(30,0,12,2);
INSERT INTO schedules_schedule VALUES(33,0,8,2);
INSERT INTO schedules_schedule VALUES(34,0,6,6);
INSERT INTO schedules_schedule VALUES(36,0,59,6);
INSERT INTO schedules_schedule VALUES(37,0,88,6);
INSERT INTO schedules_schedule VALUES(38,0,117,6);
INSERT INTO schedules_schedule VALUES(39,0,582,1);
INSERT INTO schedules_schedule VALUES(41,0,351,3);
INSERT INTO schedules_schedule VALUES(45,0,476,1);
INSERT INTO schedules_schedule VALUES(46,0,656,4);
INSERT INTO schedules_schedule VALUES(49,0,355,3);
INSERT INTO schedules_schedule VALUES(50,0,376,1);
INSERT INTO schedules_schedule VALUES(51,0,364,3);
INSERT INTO schedules_schedule VALUES(52,0,65,7);
INSERT INTO schedules_schedule VALUES(53,0,50,2);
INSERT INTO schedules_schedule VALUES(54,0,534,1);
INSERT INTO schedules_schedule VALUES(55,0,1,7);
INSERT INTO schedules_schedule VALUES(56,0,6,7);
INSERT INTO schedules_schedule VALUES(57,0,20,7);
INSERT INTO schedules_schedule VALUES(58,0,15,7);
INSERT INTO schedules_schedule VALUES(59,0,5,7);
INSERT INTO schedules_schedule VALUES(60,0,354,3);
INSERT INTO schedules_schedule VALUES(61,0,21,4);
INSERT INTO schedules_schedule VALUES(65,0,26,8);
INSERT INTO schedules_schedule VALUES(66,0,6,8);
INSERT INTO schedules_schedule VALUES(67,0,702,8);
INSERT INTO schedules_schedule VALUES(69,0,26,7);
INSERT INTO schedules_schedule VALUES(74,0,738,9);
INSERT INTO schedules_schedule VALUES(77,0,27,2);
INSERT INTO schedules_schedule VALUES(78,0,697,2);
INSERT INTO schedules_schedule VALUES(80,0,367,1);
INSERT INTO schedules_schedule VALUES(81,0,19,2);
INSERT INTO schedules_schedule VALUES(82,0,45,2);
INSERT INTO schedules_schedule VALUES(83,0,46,2);
INSERT INTO schedules_schedule VALUES(85,0,41,4);
INSERT INTO schedules_schedule VALUES(87,0,126,2);
INSERT INTO schedules_schedule VALUES(90,0,125,6);
INSERT INTO schedules_schedule VALUES(92,0,2,6);
INSERT INTO schedules_schedule VALUES(97,0,1,4);
INSERT INTO schedules_schedule VALUES(98,0,2,4);
INSERT INTO schedules_schedule VALUES(99,0,3,4);
INSERT INTO schedules_schedule VALUES(100,0,4,4);
INSERT INTO schedules_schedule VALUES(101,0,5,4);
INSERT INTO schedules_schedule VALUES(102,0,56,4);
INSERT INTO schedules_schedule VALUES(103,0,54,4);
INSERT INTO schedules_schedule VALUES(104,0,699,6);
INSERT INTO schedules_schedule VALUES(105,0,497,1);
INSERT INTO schedules_schedule VALUES(106,0,105,2);
INSERT INTO schedules_schedule VALUES(107,0,722,2);
INSERT INTO schedules_schedule VALUES(108,0,136,2);
INSERT INTO schedules_schedule VALUES(110,0,600,9);
INSERT INTO schedules_schedule VALUES(111,0,14,4);
INSERT INTO schedules_schedule VALUES(112,0,11,4);
INSERT INTO schedules_schedule VALUES(113,0,157,2);
INSERT INTO schedules_schedule VALUES(114,0,694,10);
INSERT INTO schedules_schedule VALUES(115,0,652,10);
INSERT INTO schedules_schedule VALUES(116,0,610,10);
INSERT INTO schedules_schedule VALUES(117,0,435,10);
INSERT INTO schedules_schedule VALUES(118,0,393,10);
INSERT INTO schedules_schedule VALUES(119,0,61,10);
INSERT INTO schedules_schedule VALUES(120,0,95,10);
INSERT INTO schedules_schedule VALUES(121,0,668,10);
INSERT INTO schedules_schedule VALUES(122,0,144,10);
INSERT INTO schedules_schedule VALUES(123,0,141,10);
INSERT INTO schedules_schedule VALUES(124,0,129,6);
INSERT INTO schedules_schedule VALUES(125,0,697,6);
INSERT INTO schedules_schedule VALUES(129,0,651,2);
INSERT INTO schedules_schedule VALUES(132,0,744,1);
INSERT INTO schedules_schedule VALUES(137,0,494,1);
INSERT INTO schedules_schedule VALUES(140,0,1,6);
INSERT INTO schedules_schedule VALUES(141,0,3,6);
INSERT INTO schedules_schedule VALUES(142,0,73,8);
INSERT INTO schedules_schedule VALUES(144,0,513,9);
CREATE TABLE IF NOT EXISTS "tutors_tutor" ("tutor_id" integer NOT NULL PRIMARY KEY AUTOINCREMENT, "student_id" integer NULL REFERENCES "students_student" ("student_id") DEFERRABLE INITIALLY DEFERRED, "user_id" integer NOT NULL UNIQUE REFERENCES "auth_user" ("id") DEFERRABLE INITIALLY DEFERRED);
INSERT INTO tutors_tutor VALUES(5,NULL,9);
INSERT INTO tutors_tutor VALUES(6,NULL,10);
INSERT INTO tutors_tutor VALUES(7,NULL,11);
CREATE TABLE IF NOT EXISTS "tutors_scheduletutor" ("schedule_tutor_id" integer NOT NULL PRIMARY KEY AUTOINCREMENT, "high_school" bool NOT NULL, "block_id" integer NOT NULL REFERENCES "workshops_block" ("block_id") DEFERRABLE INITIALLY DEFERRED, "tutor_id" integer NOT NULL REFERENCES "tutors_tutor" ("tutor_id") DEFERRABLE INITIALLY DEFERRED);
CREATE TABLE IF NOT EXISTS "workshops_block" ("block_id" integer NOT NULL PRIMARY KEY AUTOINCREMENT, "day" varchar(20) NOT NULL, "start_time" time NOT NULL, "end_time" time NOT NULL, "workshop_id" integer NOT NULL REFERENCES "workshops_workshop" ("workshop_id") DEFERRABLE INITIALLY DEFERRED, "type" varchar(20) NOT NULL, "block_number" integer NOT NULL);
INSERT INTO workshops_block VALUES(1,'Monday','07:40:00','08:40:00',64,'primary',1);
INSERT INTO workshops_block VALUES(2,'Monday','09:10:00','10:20:00',64,'primary',2);
INSERT INTO workshops_block VALUES(3,'Monday','10:40:00','11:50:00',64,'primary',3);
INSERT INTO workshops_block VALUES(4,'Monday','12:30:00','13:30:00',64,'primary',4);
INSERT INTO workshops_block VALUES(5,'Monday','13:50:00','14:40:00',64,'primary',5);
INSERT INTO workshops_block VALUES(6,'Tuesday','07:40:00','08:40:00',64,'primary',1);
INSERT INTO workshops_block VALUES(7,'Tuesday','09:10:00','10:20:00',64,'primary',2);
INSERT INTO workshops_block VALUES(8,'Tuesday','10:40:00','11:50:00',64,'primary',3);
INSERT INTO workshops_block VALUES(9,'Tuesday','12:30:00','13:30:00',64,'primary',4);
INSERT INTO workshops_block VALUES(10,'Tuesday','13:50:00','14:40:00',64,'primary',5);
INSERT INTO workshops_block VALUES(11,'Wednesday','07:40:00','08:40:00',64,'primary',1);
INSERT INTO workshops_block VALUES(12,'Wednesday','09:10:00','10:20:00',64,'primary',2);
INSERT INTO workshops_block VALUES(13,'Wednesday','10:40:00','11:50:00',64,'primary',3);
INSERT INTO workshops_block VALUES(14,'Wednesday','12:30:00','13:30:00',64,'primary',4);
INSERT INTO workshops_block VALUES(15,'Wednesday','13:50:00','14:40:00',64,'primary',5);
INSERT INTO workshops_block VALUES(16,'Thursday','07:40:00','08:40:00',64,'primary',1);
INSERT INTO workshops_block VALUES(17,'Thursday','09:10:00','10:20:00',64,'primary',2);
INSERT INTO workshops_block VALUES(18,'Thursday','10:40:00','11:50:00',64,'primary',3);
INSERT INTO workshops_block VALUES(19,'Thursday','12:30:00','13:30:00',64,'primary',4);
INSERT INTO workshops_block VALUES(20,'Thursday','13:50:00','14:40:00',64,'primary',5);
INSERT INTO workshops_block VALUES(21,'Friday','07:40:00','08:40:00',64,'primary',1);
INSERT INTO workshops_block VALUES(22,'Friday','09:10:00','10:20:00',64,'primary',2);
INSERT INTO workshops_block VALUES(23,'Friday','10:40:00','11:50:00',64,'primary',3);
INSERT INTO workshops_block VALUES(24,'Friday','12:20:00','13:20:00',64,'primary',4);
INSERT INTO workshops_block VALUES(25,'Monday','07:40:00','08:40:00',65,'primary',1);
INSERT INTO workshops_block VALUES(26,'Monday','09:10:00','10:20:00',65,'primary',2);
INSERT INTO workshops_block VALUES(27,'Monday','10:40:00','11:50:00',65,'primary',3);
INSERT INTO workshops_block VALUES(28,'Monday','12:30:00','13:30:00',65,'primary',4);
INSERT INTO workshops_block VALUES(29,'Monday','13:50:00','14:40:00',65,'primary',5);
INSERT INTO workshops_block VALUES(30,'Tuesday','07:40:00','08:40:00',65,'primary',1);
INSERT INTO workshops_block VALUES(31,'Tuesday','09:10:00','10:20:00',65,'primary',2);
INSERT INTO workshops_block VALUES(32,'Tuesday','10:40:00','11:50:00',65,'primary',3);
INSERT INTO workshops_block VALUES(33,'Tuesday','12:30:00','13:30:00',65,'primary',4);
INSERT INTO workshops_block VALUES(34,'Tuesday','13:50:00','14:40:00',65,'primary',5);
INSERT INTO workshops_block VALUES(35,'Wednesday','07:40:00','08:40:00',65,'primary',1);
INSERT INTO workshops_block VALUES(36,'Wednesday','09:10:00','10:20:00',65,'primary',2);
INSERT INTO workshops_block VALUES(37,'Wednesday','10:40:00','11:50:00',65,'primary',3);
INSERT INTO workshops_block VALUES(38,'Wednesday','12:30:00','13:30:00',65,'primary',4);
INSERT INTO workshops_block VALUES(39,'Wednesday','13:50:00','14:40:00',65,'primary',5);
INSERT INTO workshops_block VALUES(40,'Thursday','07:40:00','08:40:00',65,'primary',1);
INSERT INTO workshops_block VALUES(41,'Thursday','09:10:00','10:20:00',65,'primary',2);
INSERT INTO workshops_block VALUES(42,'Thursday','10:40:00','11:50:00',65,'primary',3);
INSERT INTO workshops_block VALUES(43,'Thursday','12:30:00','13:30:00',65,'primary',4);
INSERT INTO workshops_block VALUES(44,'Thursday','13:50:00','14:40:00',65,'primary',5);
INSERT INTO workshops_block VALUES(45,'Friday','07:40:00','08:40:00',65,'primary',1);
INSERT INTO workshops_block VALUES(46,'Friday','09:10:00','10:20:00',65,'primary',2);
INSERT INTO workshops_block VALUES(47,'Friday','10:40:00','11:50:00',65,'primary',3);
INSERT INTO workshops_block VALUES(48,'Friday','12:20:00','13:20:00',65,'primary',4);
INSERT INTO workshops_block VALUES(49,'Monday','07:40:00','08:40:00',66,'primary',1);
INSERT INTO workshops_block VALUES(50,'Monday','09:10:00','10:20:00',66,'primary',2);
INSERT INTO workshops_block VALUES(51,'Monday','10:40:00','11:50:00',66,'primary',3);
INSERT INTO workshops_block VALUES(52,'Monday','12:30:00','13:30:00',66,'primary',4);
INSERT INTO workshops_block VALUES(53,'Monday','13:50:00','14:40:00',66,'primary',5);
INSERT INTO workshops_block VALUES(54,'Tuesday','07:40:00','08:40:00',66,'primary',1);
INSERT INTO workshops_block VALUES(55,'Tuesday','09:10:00','10:20:00',66,'primary',2);
INSERT INTO workshops_block VALUES(56,'Tuesday','10:40:00','11:50:00',66,'primary',3);
INSERT INTO workshops_block VALUES(57,'Tuesday','12:30:00','13:30:00',66,'primary',4);
INSERT INTO workshops_block VALUES(58,'Tuesday','13:50:00','14:40:00',66,'primary',5);
INSERT INTO workshops_block VALUES(59,'Wednesday','07:40:00','08:40:00',66,'primary',1);
INSERT INTO workshops_block VALUES(60,'Wednesday','09:10:00','10:20:00',66,'primary',2);
INSERT INTO workshops_block VALUES(61,'Wednesday','10:40:00','11:50:00',66,'primary',3);
INSERT INTO workshops_block VALUES(62,'Wednesday','12:30:00','13:30:00',66,'primary',4);
INSERT INTO workshops_block VALUES(63,'Wednesday','13:50:00','14:40:00',66,'primary',5);
INSERT INTO workshops_block VALUES(64,'Thursday','07:40:00','08:40:00',66,'primary',1);
INSERT INTO workshops_block VALUES(65,'Thursday','09:10:00','10:20:00',66,'primary',2);
INSERT INTO workshops_block VALUES(66,'Thursday','10:40:00','11:50:00',66,'primary',3);
INSERT INTO workshops_block VALUES(67,'Thursday','12:30:00','13:30:00',66,'primary',4);
INSERT INTO workshops_block VALUES(68,'Thursday','13:50:00','14:40:00',66,'primary',5);
INSERT INTO workshops_block VALUES(69,'Friday','07:40:00','08:40:00',66,'primary',1);
INSERT INTO workshops_block VALUES(70,'Friday','09:10:00','10:20:00',66,'primary',2);
INSERT INTO workshops_block VALUES(71,'Friday','10:40:00','11:50:00',66,'primary',3);
INSERT INTO workshops_block VALUES(72,'Friday','12:20:00','13:20:00',66,'primary',4);
INSERT INTO workshops_block VALUES(73,'Monday','07:40:00','08:40:00',67,'primary',1);
INSERT INTO workshops_block VALUES(74,'Monday','09:10:00','10:20:00',67,'primary',2);
INSERT INTO workshops_block VALUES(75,'Monday','10:40:00','11:50:00',67,'primary',3);
INSERT INTO workshops_block VALUES(76,'Monday','12:30:00','13:30:00',67,'primary',4);
INSERT INTO workshops_block VALUES(77,'Monday','13:50:00','14:40:00',67,'primary',5);
INSERT INTO workshops_block VALUES(78,'Tuesday','07:40:00','08:40:00',67,'primary',1);
INSERT INTO workshops_block VALUES(79,'Tuesday','09:10:00','10:20:00',67,'primary',2);
INSERT INTO workshops_block VALUES(80,'Tuesday','10:40:00','11:50:00',67,'primary',3);
INSERT INTO workshops_block VALUES(81,'Tuesday','12:30:00','13:30:00',67,'primary',4);
INSERT INTO workshops_block VALUES(82,'Tuesday','13:50:00','14:40:00',67,'primary',5);
INSERT INTO workshops_block VALUES(83,'Wednesday','07:40:00','08:40:00',67,'primary',1);
INSERT INTO workshops_block VALUES(84,'Wednesday','09:10:00','10:20:00',67,'primary',2);
INSERT INTO workshops_block VALUES(85,'Wednesday','10:40:00','11:50:00',67,'primary',3);
INSERT INTO workshops_block VALUES(86,'Wednesday','12:30:00','13:30:00',67,'primary',4);
INSERT INTO workshops_block VALUES(87,'Wednesday','13:50:00','14:40:00',67,'primary',5);
INSERT INTO workshops_block VALUES(88,'Thursday','07:40:00','08:40:00',67,'primary',1);
INSERT INTO workshops_block VALUES(89,'Thursday','09:10:00','10:20:00',67,'primary',2);
INSERT INTO workshops_block VALUES(90,'Thursday','10:40:00','11:50:00',67,'primary',3);
INSERT INTO workshops_block VALUES(91,'Thursday','12:30:00','13:30:00',67,'primary',4);
INSERT INTO workshops_block VALUES(92,'Thursday','13:50:00','14:40:00',67,'primary',5);
INSERT INTO workshops_block VALUES(93,'Friday','07:40:00','08:40:00',67,'primary',1);
INSERT INTO workshops_block VALUES(94,'Friday','09:10:00','10:20:00',67,'primary',2);
INSERT INTO workshops_block VALUES(95,'Friday','10:40:00','11:50:00',67,'primary',3);
INSERT INTO workshops_block VALUES(96,'Friday','12:20:00','13:20:00',67,'primary',4);
INSERT INTO workshops_block VALUES(97,'Monday','07:40:00','08:40:00',68,'primary',1);
INSERT INTO workshops_block VALUES(98,'Monday','09:10:00','10:20:00',68,'primary',2);
INSERT INTO workshops_block VALUES(99,'Monday','10:40:00','11:50:00',68,'primary',3);
INSERT INTO workshops_block VALUES(100,'Monday','12:30:00','13:30:00',68,'primary',4);
INSERT INTO workshops_block VALUES(101,'Monday','13:50:00','14:40:00',68,'primary',5);
INSERT INTO workshops_block VALUES(102,'Tuesday','07:40:00','08:40:00',68,'primary',1);
INSERT INTO workshops_block VALUES(103,'Tuesday','09:10:00','10:20:00',68,'primary',2);
INSERT INTO workshops_block VALUES(104,'Tuesday','10:40:00','11:50:00',68,'primary',3);
INSERT INTO workshops_block VALUES(105,'Tuesday','12:30:00','13:30:00',68,'primary',4);
INSERT INTO workshops_block VALUES(106,'Tuesday','13:50:00','14:40:00',68,'primary',5);
INSERT INTO workshops_block VALUES(107,'Wednesday','07:40:00','08:40:00',68,'primary',1);
INSERT INTO workshops_block VALUES(108,'Wednesday','09:10:00','10:20:00',68,'primary',2);
INSERT INTO workshops_block VALUES(109,'Wednesday','10:40:00','11:50:00',68,'primary',3);
INSERT INTO workshops_block VALUES(110,'Wednesday','12:30:00','13:30:00',68,'primary',4);
INSERT INTO workshops_block VALUES(111,'Wednesday','13:50:00','14:40:00',68,'primary',5);
INSERT INTO workshops_block VALUES(112,'Thursday','07:40:00','08:40:00',68,'primary',1);
INSERT INTO workshops_block VALUES(113,'Thursday','09:10:00','10:20:00',68,'primary',2);
INSERT INTO workshops_block VALUES(114,'Thursday','10:40:00','11:50:00',68,'primary',3);
INSERT INTO workshops_block VALUES(115,'Thursday','12:30:00','13:30:00',68,'primary',4);
INSERT INTO workshops_block VALUES(116,'Thursday','13:50:00','14:40:00',68,'primary',5);
INSERT INTO workshops_block VALUES(117,'Friday','07:40:00','08:40:00',68,'primary',1);
INSERT INTO workshops_block VALUES(118,'Friday','09:10:00','10:20:00',68,'primary',2);
INSERT INTO workshops_block VALUES(119,'Friday','10:40:00','11:50:00',68,'primary',3);
INSERT INTO workshops_block VALUES(120,'Friday','12:20:00','13:20:00',68,'primary',4);
INSERT INTO workshops_block VALUES(121,'Monday','07:40:00','08:40:00',69,'primary',1);
INSERT INTO workshops_block VALUES(122,'Monday','09:10:00','10:20:00',69,'primary',2);
INSERT INTO workshops_block VALUES(123,'Monday','10:40:00','11:50:00',69,'primary',3);
INSERT INTO workshops_block VALUES(124,'Monday','12:30:00','13:30:00',69,'primary',4);
INSERT INTO workshops_block VALUES(125,'Monday','13:50:00','14:40:00',69,'primary',5);
INSERT INTO workshops_block VALUES(126,'Tuesday','07:40:00','08:40:00',69,'primary',1);
INSERT INTO workshops_block VALUES(127,'Tuesday','09:10:00','10:20:00',69,'primary',2);
INSERT INTO workshops_block VALUES(128,'Tuesday','10:40:00','11:50:00',69,'primary',3);
INSERT INTO workshops_block VALUES(129,'Tuesday','12:30:00','13:30:00',69,'primary',4);
INSERT INTO workshops_block VALUES(130,'Tuesday','13:50:00','14:40:00',69,'primary',5);
INSERT INTO workshops_block VALUES(131,'Wednesday','07:40:00','08:40:00',69,'primary',1);
INSERT INTO workshops_block VALUES(132,'Wednesday','09:10:00','10:20:00',69,'primary',2);
INSERT INTO workshops_block VALUES(133,'Wednesday','10:40:00','11:50:00',69,'primary',3);
INSERT INTO workshops_block VALUES(134,'Wednesday','12:30:00','13:30:00',69,'primary',4);
INSERT INTO workshops_block VALUES(135,'Wednesday','13:50:00','14:40:00',69,'primary',5);
INSERT INTO workshops_block VALUES(136,'Thursday','07:40:00','08:40:00',69,'primary',1);
INSERT INTO workshops_block VALUES(137,'Thursday','09:10:00','10:20:00',69,'primary',2);
INSERT INTO workshops_block VALUES(138,'Thursday','10:40:00','11:50:00',69,'primary',3);
INSERT INTO workshops_block VALUES(139,'Thursday','12:30:00','13:30:00',69,'primary',4);
INSERT INTO workshops_block VALUES(140,'Thursday','13:50:00','14:40:00',69,'primary',5);
INSERT INTO workshops_block VALUES(141,'Friday','07:40:00','08:40:00',69,'primary',1);
INSERT INTO workshops_block VALUES(142,'Friday','09:10:00','10:20:00',69,'primary',2);
INSERT INTO workshops_block VALUES(143,'Friday','10:40:00','11:50:00',69,'primary',3);
INSERT INTO workshops_block VALUES(144,'Friday','12:20:00','13:20:00',69,'primary',4);
INSERT INTO workshops_block VALUES(145,'Monday','07:40:00','08:40:00',70,'primary',1);
INSERT INTO workshops_block VALUES(146,'Monday','09:10:00','10:20:00',70,'primary',2);
INSERT INTO workshops_block VALUES(147,'Monday','10:40:00','11:50:00',70,'primary',3);
INSERT INTO workshops_block VALUES(148,'Monday','12:30:00','13:30:00',70,'primary',4);
INSERT INTO workshops_block VALUES(149,'Monday','13:50:00','14:40:00',70,'primary',5);
INSERT INTO workshops_block VALUES(150,'Tuesday','07:40:00','08:40:00',70,'primary',1);
INSERT INTO workshops_block VALUES(151,'Tuesday','09:10:00','10:20:00',70,'primary',2);
INSERT INTO workshops_block VALUES(152,'Tuesday','10:40:00','11:50:00',70,'primary',3);
INSERT INTO workshops_block VALUES(153,'Tuesday','12:30:00','13:30:00',70,'primary',4);
INSERT INTO workshops_block VALUES(154,'Tuesday','13:50:00','14:40:00',70,'primary',5);
INSERT INTO workshops_block VALUES(155,'Wednesday','07:40:00','08:40:00',70,'primary',1);
INSERT INTO workshops_block VALUES(156,'Wednesday','09:10:00','10:20:00',70,'primary',2);
INSERT INTO workshops_block VALUES(157,'Wednesday','10:40:00','11:50:00',70,'primary',3);
INSERT INTO workshops_block VALUES(158,'Wednesday','12:30:00','13:30:00',70,'primary',4);
INSERT INTO workshops_block VALUES(159,'Wednesday','13:50:00','14:40:00',70,'primary',5);
INSERT INTO workshops_block VALUES(160,'Thursday','07:40:00','08:40:00',70,'primary',1);
INSERT INTO workshops_block VALUES(161,'Thursday','09:10:00','10:20:00',70,'primary',2);
INSERT INTO workshops_block VALUES(162,'Thursday','10:40:00','11:50:00',70,'primary',3);
INSERT INTO workshops_block VALUES(163,'Thursday','12:30:00','13:30:00',70,'primary',4);
INSERT INTO workshops_block VALUES(164,'Thursday','13:50:00','14:40:00',70,'primary',5);
INSERT INTO workshops_block VALUES(165,'Friday','07:40:00','08:40:00',70,'primary',1);
INSERT INTO workshops_block VALUES(166,'Friday','09:10:00','10:20:00',70,'primary',2);
INSERT INTO workshops_block VALUES(167,'Friday','10:40:00','11:50:00',70,'primary',3);
INSERT INTO workshops_block VALUES(168,'Friday','12:20:00','13:20:00',70,'primary',4);
INSERT INTO workshops_block VALUES(169,'Monday','07:40:00','08:40:00',71,'primary',1);
INSERT INTO workshops_block VALUES(170,'Monday','09:10:00','10:20:00',71,'primary',2);
INSERT INTO workshops_block VALUES(171,'Monday','10:40:00','11:50:00',71,'primary',3);
INSERT INTO workshops_block VALUES(172,'Monday','12:30:00','13:30:00',71,'primary',4);
INSERT INTO workshops_block VALUES(173,'Monday','13:50:00','14:40:00',71,'primary',5);
INSERT INTO workshops_block VALUES(174,'Tuesday','07:40:00','08:40:00',71,'primary',1);
INSERT INTO workshops_block VALUES(175,'Tuesday','09:10:00','10:20:00',71,'primary',2);
INSERT INTO workshops_block VALUES(176,'Tuesday','10:40:00','11:50:00',71,'primary',3);
INSERT INTO workshops_block VALUES(177,'Tuesday','12:30:00','13:30:00',71,'primary',4);
INSERT INTO workshops_block VALUES(178,'Tuesday','13:50:00','14:40:00',71,'primary',5);
INSERT INTO workshops_block VALUES(179,'Wednesday','07:40:00','08:40:00',71,'primary',1);
INSERT INTO workshops_block VALUES(180,'Wednesday','09:10:00','10:20:00',71,'primary',2);
INSERT INTO workshops_block VALUES(181,'Wednesday','10:40:00','11:50:00',71,'primary',3);
INSERT INTO workshops_block VALUES(182,'Wednesday','12:30:00','13:30:00',71,'primary',4);
INSERT INTO workshops_block VALUES(183,'Wednesday','13:50:00','14:40:00',71,'primary',5);
INSERT INTO workshops_block VALUES(184,'Thursday','07:40:00','08:40:00',71,'primary',1);
INSERT INTO workshops_block VALUES(185,'Thursday','09:10:00','10:20:00',71,'primary',2);
INSERT INTO workshops_block VALUES(186,'Thursday','10:40:00','11:50:00',71,'primary',3);
INSERT INTO workshops_block VALUES(187,'Thursday','12:30:00','13:30:00',71,'primary',4);
INSERT INTO workshops_block VALUES(188,'Thursday','13:50:00','14:40:00',71,'primary',5);
INSERT INTO workshops_block VALUES(189,'Friday','07:40:00','08:40:00',71,'primary',1);
INSERT INTO workshops_block VALUES(190,'Friday','09:10:00','10:20:00',71,'primary',2);
INSERT INTO workshops_block VALUES(191,'Friday','10:40:00','11:50:00',71,'primary',3);
INSERT INTO workshops_block VALUES(192,'Friday','12:20:00','13:20:00',71,'primary',4);
INSERT INTO workshops_block VALUES(193,'Monday','07:40:00','08:40:00',72,'primary',1);
INSERT INTO workshops_block VALUES(194,'Monday','09:10:00','10:20:00',72,'primary',2);
INSERT INTO workshops_block VALUES(195,'Monday','10:40:00','11:50:00',72,'primary',3);
INSERT INTO workshops_block VALUES(196,'Monday','12:30:00','13:30:00',72,'primary',4);
INSERT INTO workshops_block VALUES(197,'Monday','13:50:00','14:40:00',72,'primary',5);
INSERT INTO workshops_block VALUES(198,'Tuesday','07:40:00','08:40:00',72,'primary',1);
INSERT INTO workshops_block VALUES(199,'Tuesday','09:10:00','10:20:00',72,'primary',2);
INSERT INTO workshops_block VALUES(200,'Tuesday','10:40:00','11:50:00',72,'primary',3);
INSERT INTO workshops_block VALUES(201,'Tuesday','12:30:00','13:30:00',72,'primary',4);
INSERT INTO workshops_block VALUES(202,'Tuesday','13:50:00','14:40:00',72,'primary',5);
INSERT INTO workshops_block VALUES(203,'Wednesday','07:40:00','08:40:00',72,'primary',1);
INSERT INTO workshops_block VALUES(204,'Wednesday','09:10:00','10:20:00',72,'primary',2);
INSERT INTO workshops_block VALUES(205,'Wednesday','10:40:00','11:50:00',72,'primary',3);
INSERT INTO workshops_block VALUES(206,'Wednesday','12:30:00','13:30:00',72,'primary',4);
INSERT INTO workshops_block VALUES(207,'Wednesday','13:50:00','14:40:00',72,'primary',5);
INSERT INTO workshops_block VALUES(208,'Thursday','07:40:00','08:40:00',72,'primary',1);
INSERT INTO workshops_block VALUES(209,'Thursday','09:10:00','10:20:00',72,'primary',2);
INSERT INTO workshops_block VALUES(210,'Thursday','10:40:00','11:50:00',72,'primary',3);
INSERT INTO workshops_block VALUES(211,'Thursday','12:30:00','13:30:00',72,'primary',4);
INSERT INTO workshops_block VALUES(212,'Thursday','13:50:00','14:40:00',72,'primary',5);
INSERT INTO workshops_block VALUES(213,'Friday','07:40:00','08:40:00',72,'primary',1);
INSERT INTO workshops_block VALUES(214,'Friday','09:10:00','10:20:00',72,'primary',2);
INSERT INTO workshops_block VALUES(215,'Friday','10:40:00','11:50:00',72,'primary',3);
INSERT INTO workshops_block VALUES(216,'Friday','12:20:00','13:20:00',72,'primary',4);
INSERT INTO workshops_block VALUES(217,'Monday','07:40:00','08:40:00',73,'primary',1);
INSERT INTO workshops_block VALUES(218,'Monday','09:10:00','10:20:00',73,'primary',2);
INSERT INTO workshops_block VALUES(219,'Monday','10:40:00','11:50:00',73,'primary',3);
INSERT INTO workshops_block VALUES(220,'Monday','12:30:00','13:30:00',73,'primary',4);
INSERT INTO workshops_block VALUES(221,'Monday','13:50:00','14:40:00',73,'primary',5);
INSERT INTO workshops_block VALUES(222,'Tuesday','07:40:00','08:40:00',73,'primary',1);
INSERT INTO workshops_block VALUES(223,'Tuesday','09:10:00','10:20:00',73,'primary',2);
INSERT INTO workshops_block VALUES(224,'Tuesday','10:40:00','11:50:00',73,'primary',3);
INSERT INTO workshops_block VALUES(225,'Tuesday','12:30:00','13:30:00',73,'primary',4);
INSERT INTO workshops_block VALUES(226,'Tuesday','13:50:00','14:40:00',73,'primary',5);
INSERT INTO workshops_block VALUES(227,'Wednesday','07:40:00','08:40:00',73,'primary',1);
INSERT INTO workshops_block VALUES(228,'Wednesday','09:10:00','10:20:00',73,'primary',2);
INSERT INTO workshops_block VALUES(229,'Wednesday','10:40:00','11:50:00',73,'primary',3);
INSERT INTO workshops_block VALUES(230,'Wednesday','12:30:00','13:30:00',73,'primary',4);
INSERT INTO workshops_block VALUES(231,'Wednesday','13:50:00','14:40:00',73,'primary',5);
INSERT INTO workshops_block VALUES(232,'Thursday','07:40:00','08:40:00',73,'primary',1);
INSERT INTO workshops_block VALUES(233,'Thursday','09:10:00','10:20:00',73,'primary',2);
INSERT INTO workshops_block VALUES(234,'Thursday','10:40:00','11:50:00',73,'primary',3);
INSERT INTO workshops_block VALUES(235,'Thursday','12:30:00','13:30:00',73,'primary',4);
INSERT INTO workshops_block VALUES(236,'Thursday','13:50:00','14:40:00',73,'primary',5);
INSERT INTO workshops_block VALUES(237,'Friday','07:40:00','08:40:00',73,'primary',1);
INSERT INTO workshops_block VALUES(238,'Friday','09:10:00','10:20:00',73,'primary',2);
INSERT INTO workshops_block VALUES(239,'Friday','10:40:00','11:50:00',73,'primary',3);
INSERT INTO workshops_block VALUES(240,'Friday','12:20:00','13:20:00',73,'primary',4);
INSERT INTO workshops_block VALUES(241,'Monday','07:40:00','08:40:00',74,'primary',1);
INSERT INTO workshops_block VALUES(242,'Monday','09:10:00','10:20:00',74,'primary',2);
INSERT INTO workshops_block VALUES(243,'Monday','10:40:00','11:50:00',74,'primary',3);
INSERT INTO workshops_block VALUES(244,'Monday','12:30:00','13:30:00',74,'primary',4);
INSERT INTO workshops_block VALUES(245,'Monday','13:50:00','14:40:00',74,'primary',5);
INSERT INTO workshops_block VALUES(246,'Tuesday','07:40:00','08:40:00',74,'primary',1);
INSERT INTO workshops_block VALUES(247,'Tuesday','09:10:00','10:20:00',74,'primary',2);
INSERT INTO workshops_block VALUES(248,'Tuesday','10:40:00','11:50:00',74,'primary',3);
INSERT INTO workshops_block VALUES(249,'Tuesday','12:30:00','13:30:00',74,'primary',4);
INSERT INTO workshops_block VALUES(250,'Tuesday','13:50:00','14:40:00',74,'primary',5);
INSERT INTO workshops_block VALUES(251,'Wednesday','07:40:00','08:40:00',74,'primary',1);
INSERT INTO workshops_block VALUES(252,'Wednesday','09:10:00','10:20:00',74,'primary',2);
INSERT INTO workshops_block VALUES(253,'Wednesday','10:40:00','11:50:00',74,'primary',3);
INSERT INTO workshops_block VALUES(254,'Wednesday','12:30:00','13:30:00',74,'primary',4);
INSERT INTO workshops_block VALUES(255,'Wednesday','13:50:00','14:40:00',74,'primary',5);
INSERT INTO workshops_block VALUES(256,'Thursday','07:40:00','08:40:00',74,'primary',1);
INSERT INTO workshops_block VALUES(257,'Thursday','09:10:00','10:20:00',74,'primary',2);
INSERT INTO workshops_block VALUES(258,'Thursday','10:40:00','11:50:00',74,'primary',3);
INSERT INTO workshops_block VALUES(259,'Thursday','12:30:00','13:30:00',74,'primary',4);
INSERT INTO workshops_block VALUES(260,'Thursday','13:50:00','14:40:00',74,'primary',5);
INSERT INTO workshops_block VALUES(261,'Friday','07:40:00','08:40:00',74,'primary',1);
INSERT INTO workshops_block VALUES(262,'Friday','09:10:00','10:20:00',74,'primary',2);
INSERT INTO workshops_block VALUES(263,'Friday','10:40:00','11:50:00',74,'primary',3);
INSERT INTO workshops_block VALUES(264,'Friday','12:20:00','13:20:00',74,'primary',4);
INSERT INTO workshops_block VALUES(351,'Monday','07:40:00','09:10:00',78,'high_school',1);
INSERT INTO workshops_block VALUES(352,'Monday','09:40:00','11:00:00',78,'high_school',2);
INSERT INTO workshops_block VALUES(353,'Monday','11:20:00','12:40:00',78,'high_school',3);
INSERT INTO workshops_block VALUES(354,'Monday','13:20:00','14:40:00',78,'high_school',4);
INSERT INTO workshops_block VALUES(355,'Tuesday','07:40:00','09:10:00',78,'high_school',1);
INSERT INTO workshops_block VALUES(356,'Tuesday','09:40:00','11:00:00',78,'high_school',2);
INSERT INTO workshops_block VALUES(357,'Tuesday','11:20:00','12:40:00',78,'high_school',3);
INSERT INTO workshops_block VALUES(358,'Tuesday','13:20:00','14:40:00',78,'high_school',4);
INSERT INTO workshops_block VALUES(359,'Wednesday','07:40:00','09:10:00',78,'high_school',1);
INSERT INTO workshops_block VALUES(360,'Wednesday','09:40:00','11:00:00',78,'high_school',2);
INSERT INTO workshops_block VALUES(361,'Wednesday','11:20:00','12:40:00',78,'high_school',3);
INSERT INTO workshops_block VALUES(362,'Wednesday','13:20:00','14:40:00',78,'high_school',4);
INSERT INTO workshops_block VALUES(363,'Thursday','07:40:00','09:10:00',78,'high_school',1);
INSERT INTO workshops_block VALUES(364,'Thursday','09:40:00','11:00:00',78,'high_school',2);
INSERT INTO workshops_block VALUES(365,'Thursday','11:20:00','12:40:00',78,'high_school',3);
INSERT INTO workshops_block VALUES(366,'Thursday','13:20:00','14:40:00',78,'high_school',4);
INSERT INTO workshops_block VALUES(367,'Friday','07:40:00','09:10:00',78,'high_school',1);
INSERT INTO workshops_block VALUES(368,'Friday','09:50:00','11:20:00',78,'high_school',2);
INSERT INTO workshops_block VALUES(369,'Friday','11:50:00','13:20:00',78,'high_school',3);
INSERT INTO workshops_block VALUES(370,'Monday','07:40:00','09:10:00',79,'high_school',1);
INSERT INTO workshops_block VALUES(371,'Monday','09:40:00','11:00:00',79,'high_school',2);
INSERT INTO workshops_block VALUES(372,'Monday','11:20:00','12:40:00',79,'high_school',3);
INSERT INTO workshops_block VALUES(373,'Monday','13:20:00','14:40:00',79,'high_school',4);
INSERT INTO workshops_block VALUES(374,'Tuesday','07:40:00','09:10:00',79,'high_school',1);
INSERT INTO workshops_block VALUES(375,'Tuesday','09:40:00','11:00:00',79,'high_school',2);
INSERT INTO workshops_block VALUES(376,'Tuesday','11:20:00','12:40:00',79,'high_school',3);
INSERT INTO workshops_block VALUES(377,'Tuesday','13:20:00','14:40:00',79,'high_school',4);
INSERT INTO workshops_block VALUES(378,'Wednesday','07:40:00','09:10:00',79,'high_school',1);
INSERT INTO workshops_block VALUES(379,'Wednesday','09:40:00','11:00:00',79,'high_school',2);
INSERT INTO workshops_block VALUES(380,'Wednesday','11:20:00','12:40:00',79,'high_school',3);
INSERT INTO workshops_block VALUES(381,'Wednesday','13:20:00','14:40:00',79,'high_school',4);
INSERT INTO workshops_block VALUES(382,'Thursday','07:40:00','09:10:00',79,'high_school',1);
INSERT INTO workshops_block VALUES(383,'Thursday','09:40:00','11:00:00',79,'high_school',2);
INSERT INTO workshops_block VALUES(384,'Thursday','11:20:00','12:40:00',79,'high_school',3);
INSERT INTO workshops_block VALUES(385,'Thursday','13:20:00','14:40:00',79,'high_school',4);
INSERT INTO workshops_block VALUES(386,'Friday','07:40:00','09:10:00',79,'high_school',1);
INSERT INTO workshops_block VALUES(387,'Friday','09:50:00','11:20:00',79,'high_school',2);
INSERT INTO workshops_block VALUES(388,'Friday','11:50:00','13:20:00',79,'high_school',3);
INSERT INTO workshops_block VALUES(389,'Monday','07:40:00','08:40:00',79,'primary',1);
INSERT INTO workshops_block VALUES(390,'Monday','09:10:00','10:20:00',79,'primary',2);
INSERT INTO workshops_block VALUES(391,'Monday','10:40:00','11:50:00',79,'primary',3);
INSERT INTO workshops_block VALUES(392,'Monday','12:30:00','13:30:00',79,'primary',4);
INSERT INTO workshops_block VALUES(393,'Monday','13:50:00','14:40:00',79,'primary',5);
INSERT INTO workshops_block VALUES(394,'Tuesday','07:40:00','08:40:00',79,'primary',1);
INSERT INTO workshops_block VALUES(395,'Tuesday','09:10:00','10:20:00',79,'primary',2);
INSERT INTO workshops_block VALUES(396,'Tuesday','10:40:00','11:50:00',79,'primary',3);
INSERT INTO workshops_block VALUES(397,'Tuesday','12:30:00','13:30:00',79,'primary',4);
INSERT INTO workshops_block VALUES(398,'Tuesday','13:50:00','14:40:00',79,'primary',5);
INSERT INTO workshops_block VALUES(399,'Wednesday','07:40:00','08:40:00',79,'primary',1);
INSERT INTO workshops_block VALUES(400,'Wednesday','09:10:00','10:20:00',79,'primary',2);
INSERT INTO workshops_block VALUES(401,'Wednesday','10:40:00','11:50:00',79,'primary',3);
INSERT INTO workshops_block VALUES(402,'Wednesday','12:30:00','13:30:00',79,'primary',4);
INSERT INTO workshops_block VALUES(403,'Wednesday','13:50:00','14:40:00',79,'primary',5);
INSERT INTO workshops_block VALUES(404,'Thursday','07:40:00','08:40:00',79,'primary',1);
INSERT INTO workshops_block VALUES(405,'Thursday','09:10:00','10:20:00',79,'primary',2);
INSERT INTO workshops_block VALUES(406,'Thursday','10:40:00','11:50:00',79,'primary',3);
INSERT INTO workshops_block VALUES(407,'Thursday','12:30:00','13:30:00',79,'primary',4);
INSERT INTO workshops_block VALUES(408,'Thursday','13:50:00','14:40:00',79,'primary',5);
INSERT INTO workshops_block VALUES(409,'Friday','07:40:00','08:40:00',79,'primary',1);
INSERT INTO workshops_block VALUES(410,'Friday','09:10:00','10:20:00',79,'primary',2);
INSERT INTO workshops_block VALUES(411,'Friday','10:40:00','11:50:00',79,'primary',3);
INSERT INTO workshops_block VALUES(412,'Friday','12:20:00','13:20:00',79,'primary',4);
INSERT INTO workshops_block VALUES(413,'Monday','07:40:00','09:10:00',80,'high_school',1);
INSERT INTO workshops_block VALUES(414,'Monday','09:40:00','11:00:00',80,'high_school',2);
INSERT INTO workshops_block VALUES(415,'Monday','11:20:00','12:40:00',80,'high_school',3);
INSERT INTO workshops_block VALUES(416,'Monday','13:20:00','14:40:00',80,'high_school',4);
INSERT INTO workshops_block VALUES(417,'Tuesday','07:40:00','09:10:00',80,'high_school',1);
INSERT INTO workshops_block VALUES(418,'Tuesday','09:40:00','11:00:00',80,'high_school',2);
INSERT INTO workshops_block VALUES(419,'Tuesday','11:20:00','12:40:00',80,'high_school',3);
INSERT INTO workshops_block VALUES(420,'Tuesday','13:20:00','14:40:00',80,'high_school',4);
INSERT INTO workshops_block VALUES(421,'Wednesday','07:40:00','09:10:00',80,'high_school',1);
INSERT INTO workshops_block VALUES(422,'Wednesday','09:40:00','11:00:00',80,'high_school',2);
INSERT INTO workshops_block VALUES(423,'Wednesday','11:20:00','12:40:00',80,'high_school',3);
INSERT INTO workshops_block VALUES(424,'Wednesday','13:20:00','14:40:00',80,'high_school',4);
INSERT INTO workshops_block VALUES(425,'Thursday','07:40:00','09:10:00',80,'high_school',1);
INSERT INTO workshops_block VALUES(426,'Thursday','09:40:00','11:00:00',80,'high_school',2);
INSERT INTO workshops_block VALUES(427,'Thursday','11:20:00','12:40:00',80,'high_school',3);
INSERT INTO workshops_block VALUES(428,'Thursday','13:20:00','14:40:00',80,'high_school',4);
INSERT INTO workshops_block VALUES(429,'Friday','07:40:00','09:10:00',80,'high_school',1);
INSERT INTO workshops_block VALUES(430,'Friday','09:50:00','11:20:00',80,'high_school',2);
INSERT INTO workshops_block VALUES(431,'Friday','11:50:00','13:20:00',80,'high_school',3);
INSERT INTO workshops_block VALUES(432,'Monday','07:40:00','09:10:00',81,'high_school',1);
INSERT INTO workshops_block VALUES(433,'Monday','09:40:00','11:00:00',81,'high_school',2);
INSERT INTO workshops_block VALUES(434,'Monday','11:20:00','12:40:00',81,'high_school',3);
INSERT INTO workshops_block VALUES(435,'Monday','13:20:00','14:40:00',81,'high_school',4);
INSERT INTO workshops_block VALUES(436,'Tuesday','07:40:00','09:10:00',81,'high_school',1);
INSERT INTO workshops_block VALUES(437,'Tuesday','09:40:00','11:00:00',81,'high_school',2);
INSERT INTO workshops_block VALUES(438,'Tuesday','11:20:00','12:40:00',81,'high_school',3);
INSERT INTO workshops_block VALUES(439,'Tuesday','13:20:00','14:40:00',81,'high_school',4);
INSERT INTO workshops_block VALUES(440,'Wednesday','07:40:00','09:10:00',81,'high_school',1);
INSERT INTO workshops_block VALUES(441,'Wednesday','09:40:00','11:00:00',81,'high_school',2);
INSERT INTO workshops_block VALUES(442,'Wednesday','11:20:00','12:40:00',81,'high_school',3);
INSERT INTO workshops_block VALUES(443,'Wednesday','13:20:00','14:40:00',81,'high_school',4);
INSERT INTO workshops_block VALUES(444,'Thursday','07:40:00','09:10:00',81,'high_school',1);
INSERT INTO workshops_block VALUES(445,'Thursday','09:40:00','11:00:00',81,'high_school',2);
INSERT INTO workshops_block VALUES(446,'Thursday','11:20:00','12:40:00',81,'high_school',3);
INSERT INTO workshops_block VALUES(447,'Thursday','13:20:00','14:40:00',81,'high_school',4);
INSERT INTO workshops_block VALUES(448,'Friday','07:40:00','09:10:00',81,'high_school',1);
INSERT INTO workshops_block VALUES(449,'Friday','09:50:00','11:20:00',81,'high_school',2);
INSERT INTO workshops_block VALUES(450,'Friday','11:50:00','13:20:00',81,'high_school',3);
INSERT INTO workshops_block VALUES(451,'Monday','07:40:00','08:40:00',81,'primary',1);
INSERT INTO workshops_block VALUES(452,'Monday','09:10:00','10:20:00',81,'primary',2);
INSERT INTO workshops_block VALUES(453,'Monday','10:40:00','11:50:00',81,'primary',3);
INSERT INTO workshops_block VALUES(454,'Monday','12:30:00','13:30:00',81,'primary',4);
INSERT INTO workshops_block VALUES(455,'Monday','13:50:00','14:40:00',81,'primary',5);
INSERT INTO workshops_block VALUES(456,'Tuesday','07:40:00','08:40:00',81,'primary',1);
INSERT INTO workshops_block VALUES(457,'Tuesday','09:10:00','10:20:00',81,'primary',2);
INSERT INTO workshops_block VALUES(458,'Tuesday','10:40:00','11:50:00',81,'primary',3);
INSERT INTO workshops_block VALUES(459,'Tuesday','12:30:00','13:30:00',81,'primary',4);
INSERT INTO workshops_block VALUES(460,'Tuesday','13:50:00','14:40:00',81,'primary',5);
INSERT INTO workshops_block VALUES(461,'Wednesday','07:40:00','08:40:00',81,'primary',1);
INSERT INTO workshops_block VALUES(462,'Wednesday','09:10:00','10:20:00',81,'primary',2);
INSERT INTO workshops_block VALUES(463,'Wednesday','10:40:00','11:50:00',81,'primary',3);
INSERT INTO workshops_block VALUES(464,'Wednesday','12:30:00','13:30:00',81,'primary',4);
INSERT INTO workshops_block VALUES(465,'Wednesday','13:50:00','14:40:00',81,'primary',5);
INSERT INTO workshops_block VALUES(466,'Thursday','07:40:00','08:40:00',81,'primary',1);
INSERT INTO workshops_block VALUES(467,'Thursday','09:10:00','10:20:00',81,'primary',2);
INSERT INTO workshops_block VALUES(468,'Thursday','10:40:00','11:50:00',81,'primary',3);
INSERT INTO workshops_block VALUES(469,'Thursday','12:30:00','13:30:00',81,'primary',4);
INSERT INTO workshops_block VALUES(470,'Thursday','13:50:00','14:40:00',81,'primary',5);
INSERT INTO workshops_block VALUES(471,'Friday','07:40:00','08:40:00',81,'primary',1);
INSERT INTO workshops_block VALUES(472,'Friday','09:10:00','10:20:00',81,'primary',2);
INSERT INTO workshops_block VALUES(473,'Friday','10:40:00','11:50:00',81,'primary',3);
INSERT INTO workshops_block VALUES(474,'Friday','12:20:00','13:20:00',81,'primary',4);
INSERT INTO workshops_block VALUES(475,'Monday','07:40:00','09:10:00',82,'high_school',1);
INSERT INTO workshops_block VALUES(476,'Monday','09:40:00','11:00:00',82,'high_school',2);
INSERT INTO workshops_block VALUES(477,'Monday','11:20:00','12:40:00',82,'high_school',3);
INSERT INTO workshops_block VALUES(478,'Monday','13:20:00','14:40:00',82,'high_school',4);
INSERT INTO workshops_block VALUES(479,'Tuesday','07:40:00','09:10:00',82,'high_school',1);
INSERT INTO workshops_block VALUES(480,'Tuesday','09:40:00','11:00:00',82,'high_school',2);
INSERT INTO workshops_block VALUES(481,'Tuesday','11:20:00','12:40:00',82,'high_school',3);
INSERT INTO workshops_block VALUES(482,'Tuesday','13:20:00','14:40:00',82,'high_school',4);
INSERT INTO workshops_block VALUES(483,'Wednesday','07:40:00','09:10:00',82,'high_school',1);
INSERT INTO workshops_block VALUES(484,'Wednesday','09:40:00','11:00:00',82,'high_school',2);
INSERT INTO workshops_block VALUES(485,'Wednesday','11:20:00','12:40:00',82,'high_school',3);
INSERT INTO workshops_block VALUES(486,'Wednesday','13:20:00','14:40:00',82,'high_school',4);
INSERT INTO workshops_block VALUES(487,'Thursday','07:40:00','09:10:00',82,'high_school',1);
INSERT INTO workshops_block VALUES(488,'Thursday','09:40:00','11:00:00',82,'high_school',2);
INSERT INTO workshops_block VALUES(489,'Thursday','11:20:00','12:40:00',82,'high_school',3);
INSERT INTO workshops_block VALUES(490,'Thursday','13:20:00','14:40:00',82,'high_school',4);
INSERT INTO workshops_block VALUES(491,'Friday','07:40:00','09:10:00',82,'high_school',1);
INSERT INTO workshops_block VALUES(492,'Friday','09:50:00','11:20:00',82,'high_school',2);
INSERT INTO workshops_block VALUES(493,'Friday','11:50:00','13:20:00',82,'high_school',3);
INSERT INTO workshops_block VALUES(494,'Monday','07:40:00','09:10:00',83,'high_school',1);
INSERT INTO workshops_block VALUES(495,'Monday','09:40:00','11:00:00',83,'high_school',2);
INSERT INTO workshops_block VALUES(496,'Monday','11:20:00','12:40:00',83,'high_school',3);
INSERT INTO workshops_block VALUES(497,'Monday','13:20:00','14:40:00',83,'high_school',4);
INSERT INTO workshops_block VALUES(498,'Tuesday','07:40:00','09:10:00',83,'high_school',1);
INSERT INTO workshops_block VALUES(499,'Tuesday','09:40:00','11:00:00',83,'high_school',2);
INSERT INTO workshops_block VALUES(500,'Tuesday','11:20:00','12:40:00',83,'high_school',3);
INSERT INTO workshops_block VALUES(501,'Tuesday','13:20:00','14:40:00',83,'high_school',4);
INSERT INTO workshops_block VALUES(502,'Wednesday','07:40:00','09:10:00',83,'high_school',1);
INSERT INTO workshops_block VALUES(503,'Wednesday','09:40:00','11:00:00',83,'high_school',2);
INSERT INTO workshops_block VALUES(504,'Wednesday','11:20:00','12:40:00',83,'high_school',3);
INSERT INTO workshops_block VALUES(505,'Wednesday','13:20:00','14:40:00',83,'high_school',4);
INSERT INTO workshops_block VALUES(506,'Thursday','07:40:00','09:10:00',83,'high_school',1);
INSERT INTO workshops_block VALUES(507,'Thursday','09:40:00','11:00:00',83,'high_school',2);
INSERT INTO workshops_block VALUES(508,'Thursday','11:20:00','12:40:00',83,'high_school',3);
INSERT INTO workshops_block VALUES(509,'Thursday','13:20:00','14:40:00',83,'high_school',4);
INSERT INTO workshops_block VALUES(510,'Friday','07:40:00','09:10:00',83,'high_school',1);
INSERT INTO workshops_block VALUES(511,'Friday','09:50:00','11:20:00',83,'high_school',2);
INSERT INTO workshops_block VALUES(512,'Friday','11:50:00','13:20:00',83,'high_school',3);
INSERT INTO workshops_block VALUES(513,'Monday','07:40:00','09:10:00',84,'high_school',1);
INSERT INTO workshops_block VALUES(514,'Monday','09:40:00','11:00:00',84,'high_school',2);
INSERT INTO workshops_block VALUES(515,'Monday','11:20:00','12:40:00',84,'high_school',3);
INSERT INTO workshops_block VALUES(516,'Monday','13:20:00','14:40:00',84,'high_school',4);
INSERT INTO workshops_block VALUES(517,'Tuesday','07:40:00','09:10:00',84,'high_school',1);
INSERT INTO workshops_block VALUES(518,'Tuesday','09:40:00','11:00:00',84,'high_school',2);
INSERT INTO workshops_block VALUES(519,'Tuesday','11:20:00','12:40:00',84,'high_school',3);
INSERT INTO workshops_block VALUES(520,'Tuesday','13:20:00','14:40:00',84,'high_school',4);
INSERT INTO workshops_block VALUES(521,'Wednesday','07:40:00','09:10:00',84,'high_school',1);
INSERT INTO workshops_block VALUES(522,'Wednesday','09:40:00','11:00:00',84,'high_school',2);
INSERT INTO workshops_block VALUES(523,'Wednesday','11:20:00','12:40:00',84,'high_school',3);
INSERT INTO workshops_block VALUES(524,'Wednesday','13:20:00','14:40:00',84,'high_school',4);
INSERT INTO workshops_block VALUES(525,'Thursday','07:40:00','09:10:00',84,'high_school',1);
INSERT INTO workshops_block VALUES(526,'Thursday','09:40:00','11:00:00',84,'high_school',2);
INSERT INTO workshops_block VALUES(527,'Thursday','11:20:00','12:40:00',84,'high_school',3);
INSERT INTO workshops_block VALUES(528,'Thursday','13:20:00','14:40:00',84,'high_school',4);
INSERT INTO workshops_block VALUES(529,'Friday','07:40:00','09:10:00',84,'high_school',1);
INSERT INTO workshops_block VALUES(530,'Friday','09:50:00','11:20:00',84,'high_school',2);
INSERT INTO workshops_block VALUES(531,'Friday','11:50:00','13:20:00',84,'high_school',3);
INSERT INTO workshops_block VALUES(532,'Monday','07:40:00','09:10:00',85,'high_school',1);
INSERT INTO workshops_block VALUES(533,'Monday','09:40:00','11:00:00',85,'high_school',2);
INSERT INTO workshops_block VALUES(534,'Monday','11:20:00','12:40:00',85,'high_school',3);
INSERT INTO workshops_block VALUES(535,'Monday','13:20:00','14:40:00',85,'high_school',4);
INSERT INTO workshops_block VALUES(536,'Tuesday','07:40:00','09:10:00',85,'high_school',1);
INSERT INTO workshops_block VALUES(537,'Tuesday','09:40:00','11:00:00',85,'high_school',2);
INSERT INTO workshops_block VALUES(538,'Tuesday','11:20:00','12:40:00',85,'high_school',3);
INSERT INTO workshops_block VALUES(539,'Tuesday','13:20:00','14:40:00',85,'high_school',4);
INSERT INTO workshops_block VALUES(540,'Wednesday','07:40:00','09:10:00',85,'high_school',1);
INSERT INTO workshops_block VALUES(541,'Wednesday','09:40:00','11:00:00',85,'high_school',2);
INSERT INTO workshops_block VALUES(542,'Wednesday','11:20:00','12:40:00',85,'high_school',3);
INSERT INTO workshops_block VALUES(543,'Wednesday','13:20:00','14:40:00',85,'high_school',4);
INSERT INTO workshops_block VALUES(544,'Thursday','07:40:00','09:10:00',85,'high_school',1);
INSERT INTO workshops_block VALUES(545,'Thursday','09:40:00','11:00:00',85,'high_school',2);
INSERT INTO workshops_block VALUES(546,'Thursday','11:20:00','12:40:00',85,'high_school',3);
INSERT INTO workshops_block VALUES(547,'Thursday','13:20:00','14:40:00',85,'high_school',4);
INSERT INTO workshops_block VALUES(548,'Friday','07:40:00','09:10:00',85,'high_school',1);
INSERT INTO workshops_block VALUES(549,'Friday','09:50:00','11:20:00',85,'high_school',2);
INSERT INTO workshops_block VALUES(550,'Friday','11:50:00','13:20:00',85,'high_school',3);
INSERT INTO workshops_block VALUES(551,'Monday','07:40:00','09:10:00',86,'high_school',1);
INSERT INTO workshops_block VALUES(552,'Monday','09:40:00','11:00:00',86,'high_school',2);
INSERT INTO workshops_block VALUES(553,'Monday','11:20:00','12:40:00',86,'high_school',3);
INSERT INTO workshops_block VALUES(554,'Monday','13:20:00','14:40:00',86,'high_school',4);
INSERT INTO workshops_block VALUES(555,'Tuesday','07:40:00','09:10:00',86,'high_school',1);
INSERT INTO workshops_block VALUES(556,'Tuesday','09:40:00','11:00:00',86,'high_school',2);
INSERT INTO workshops_block VALUES(557,'Tuesday','11:20:00','12:40:00',86,'high_school',3);
INSERT INTO workshops_block VALUES(558,'Tuesday','13:20:00','14:40:00',86,'high_school',4);
INSERT INTO workshops_block VALUES(559,'Wednesday','07:40:00','09:10:00',86,'high_school',1);
INSERT INTO workshops_block VALUES(560,'Wednesday','09:40:00','11:00:00',86,'high_school',2);
INSERT INTO workshops_block VALUES(561,'Wednesday','11:20:00','12:40:00',86,'high_school',3);
INSERT INTO workshops_block VALUES(562,'Wednesday','13:20:00','14:40:00',86,'high_school',4);
INSERT INTO workshops_block VALUES(563,'Thursday','07:40:00','09:10:00',86,'high_school',1);
INSERT INTO workshops_block VALUES(564,'Thursday','09:40:00','11:00:00',86,'high_school',2);
INSERT INTO workshops_block VALUES(565,'Thursday','11:20:00','12:40:00',86,'high_school',3);
INSERT INTO workshops_block VALUES(566,'Thursday','13:20:00','14:40:00',86,'high_school',4);
INSERT INTO workshops_block VALUES(567,'Friday','07:40:00','09:10:00',86,'high_school',1);
INSERT INTO workshops_block VALUES(568,'Friday','09:50:00','11:20:00',86,'high_school',2);
INSERT INTO workshops_block VALUES(569,'Friday','11:50:00','13:20:00',86,'high_school',3);
INSERT INTO workshops_block VALUES(570,'Monday','07:40:00','09:10:00',87,'high_school',1);
INSERT INTO workshops_block VALUES(571,'Monday','09:40:00','11:00:00',87,'high_school',2);
INSERT INTO workshops_block VALUES(572,'Monday','11:20:00','12:40:00',87,'high_school',3);
INSERT INTO workshops_block VALUES(573,'Monday','13:20:00','14:40:00',87,'high_school',4);
INSERT INTO workshops_block VALUES(574,'Tuesday','07:40:00','09:10:00',87,'high_school',1);
INSERT INTO workshops_block VALUES(575,'Tuesday','09:40:00','11:00:00',87,'high_school',2);
INSERT INTO workshops_block VALUES(576,'Tuesday','11:20:00','12:40:00',87,'high_school',3);
INSERT INTO workshops_block VALUES(577,'Tuesday','13:20:00','14:40:00',87,'high_school',4);
INSERT INTO workshops_block VALUES(578,'Wednesday','07:40:00','09:10:00',87,'high_school',1);
INSERT INTO workshops_block VALUES(579,'Wednesday','09:40:00','11:00:00',87,'high_school',2);
INSERT INTO workshops_block VALUES(580,'Wednesday','11:20:00','12:40:00',87,'high_school',3);
INSERT INTO workshops_block VALUES(581,'Wednesday','13:20:00','14:40:00',87,'high_school',4);
INSERT INTO workshops_block VALUES(582,'Thursday','07:40:00','09:10:00',87,'high_school',1);
INSERT INTO workshops_block VALUES(583,'Thursday','09:40:00','11:00:00',87,'high_school',2);
INSERT INTO workshops_block VALUES(584,'Thursday','11:20:00','12:40:00',87,'high_school',3);
INSERT INTO workshops_block VALUES(585,'Thursday','13:20:00','14:40:00',87,'high_school',4);
INSERT INTO workshops_block VALUES(586,'Friday','07:40:00','09:10:00',87,'high_school',1);
INSERT INTO workshops_block VALUES(587,'Friday','09:50:00','11:20:00',87,'high_school',2);
INSERT INTO workshops_block VALUES(588,'Friday','11:50:00','13:20:00',87,'high_school',3);
INSERT INTO workshops_block VALUES(589,'Monday','07:40:00','09:10:00',88,'high_school',1);
INSERT INTO workshops_block VALUES(590,'Monday','09:40:00','11:00:00',88,'high_school',2);
INSERT INTO workshops_block VALUES(591,'Monday','11:20:00','12:40:00',88,'high_school',3);
INSERT INTO workshops_block VALUES(592,'Monday','13:20:00','14:40:00',88,'high_school',4);
INSERT INTO workshops_block VALUES(593,'Tuesday','07:40:00','09:10:00',88,'high_school',1);
INSERT INTO workshops_block VALUES(594,'Tuesday','09:40:00','11:00:00',88,'high_school',2);
INSERT INTO workshops_block VALUES(595,'Tuesday','11:20:00','12:40:00',88,'high_school',3);
INSERT INTO workshops_block VALUES(596,'Tuesday','13:20:00','14:40:00',88,'high_school',4);
INSERT INTO workshops_block VALUES(597,'Wednesday','07:40:00','09:10:00',88,'high_school',1);
INSERT INTO workshops_block VALUES(598,'Wednesday','09:40:00','11:00:00',88,'high_school',2);
INSERT INTO workshops_block VALUES(599,'Wednesday','11:20:00','12:40:00',88,'high_school',3);
INSERT INTO workshops_block VALUES(600,'Wednesday','13:20:00','14:40:00',88,'high_school',4);
INSERT INTO workshops_block VALUES(601,'Thursday','07:40:00','09:10:00',88,'high_school',1);
INSERT INTO workshops_block VALUES(602,'Thursday','09:40:00','11:00:00',88,'high_school',2);
INSERT INTO workshops_block VALUES(603,'Thursday','11:20:00','12:40:00',88,'high_school',3);
INSERT INTO workshops_block VALUES(604,'Thursday','13:20:00','14:40:00',88,'high_school',4);
INSERT INTO workshops_block VALUES(605,'Friday','07:40:00','09:10:00',88,'high_school',1);
INSERT INTO workshops_block VALUES(606,'Friday','09:50:00','11:20:00',88,'high_school',2);
INSERT INTO workshops_block VALUES(607,'Friday','11:50:00','13:20:00',88,'high_school',3);
INSERT INTO workshops_block VALUES(608,'Monday','07:40:00','09:10:00',89,'high_school',1);
INSERT INTO workshops_block VALUES(609,'Monday','09:40:00','11:00:00',89,'high_school',2);
INSERT INTO workshops_block VALUES(610,'Monday','11:20:00','12:40:00',89,'high_school',3);
INSERT INTO workshops_block VALUES(611,'Monday','13:20:00','14:40:00',89,'high_school',4);
INSERT INTO workshops_block VALUES(612,'Tuesday','07:40:00','09:10:00',89,'high_school',1);
INSERT INTO workshops_block VALUES(613,'Tuesday','09:40:00','11:00:00',89,'high_school',2);
INSERT INTO workshops_block VALUES(614,'Tuesday','11:20:00','12:40:00',89,'high_school',3);
INSERT INTO workshops_block VALUES(615,'Tuesday','13:20:00','14:40:00',89,'high_school',4);
INSERT INTO workshops_block VALUES(616,'Wednesday','07:40:00','09:10:00',89,'high_school',1);
INSERT INTO workshops_block VALUES(617,'Wednesday','09:40:00','11:00:00',89,'high_school',2);
INSERT INTO workshops_block VALUES(618,'Wednesday','11:20:00','12:40:00',89,'high_school',3);
INSERT INTO workshops_block VALUES(619,'Wednesday','13:20:00','14:40:00',89,'high_school',4);
INSERT INTO workshops_block VALUES(620,'Thursday','07:40:00','09:10:00',89,'high_school',1);
INSERT INTO workshops_block VALUES(621,'Thursday','09:40:00','11:00:00',89,'high_school',2);
INSERT INTO workshops_block VALUES(622,'Thursday','11:20:00','12:40:00',89,'high_school',3);
INSERT INTO workshops_block VALUES(623,'Thursday','13:20:00','14:40:00',89,'high_school',4);
INSERT INTO workshops_block VALUES(624,'Friday','07:40:00','09:10:00',89,'high_school',1);
INSERT INTO workshops_block VALUES(625,'Friday','09:50:00','11:20:00',89,'high_school',2);
INSERT INTO workshops_block VALUES(626,'Friday','11:50:00','13:20:00',89,'high_school',3);
INSERT INTO workshops_block VALUES(627,'Monday','07:40:00','08:40:00',89,'primary',1);
INSERT INTO workshops_block VALUES(628,'Monday','09:10:00','10:20:00',89,'primary',2);
INSERT INTO workshops_block VALUES(629,'Monday','10:40:00','11:50:00',89,'primary',3);
INSERT INTO workshops_block VALUES(630,'Monday','12:30:00','13:30:00',89,'primary',4);
INSERT INTO workshops_block VALUES(631,'Monday','13:50:00','14:40:00',89,'primary',5);
INSERT INTO workshops_block VALUES(632,'Tuesday','07:40:00','08:40:00',89,'primary',1);
INSERT INTO workshops_block VALUES(633,'Tuesday','09:10:00','10:20:00',89,'primary',2);
INSERT INTO workshops_block VALUES(634,'Tuesday','10:40:00','11:50:00',89,'primary',3);
INSERT INTO workshops_block VALUES(635,'Tuesday','12:30:00','13:30:00',89,'primary',4);
INSERT INTO workshops_block VALUES(636,'Tuesday','13:50:00','14:40:00',89,'primary',5);
INSERT INTO workshops_block VALUES(637,'Wednesday','07:40:00','08:40:00',89,'primary',1);
INSERT INTO workshops_block VALUES(638,'Wednesday','09:10:00','10:20:00',89,'primary',2);
INSERT INTO workshops_block VALUES(639,'Wednesday','10:40:00','11:50:00',89,'primary',3);
INSERT INTO workshops_block VALUES(640,'Wednesday','12:30:00','13:30:00',89,'primary',4);
INSERT INTO workshops_block VALUES(641,'Wednesday','13:50:00','14:40:00',89,'primary',5);
INSERT INTO workshops_block VALUES(642,'Thursday','07:40:00','08:40:00',89,'primary',1);
INSERT INTO workshops_block VALUES(643,'Thursday','09:10:00','10:20:00',89,'primary',2);
INSERT INTO workshops_block VALUES(644,'Thursday','10:40:00','11:50:00',89,'primary',3);
INSERT INTO workshops_block VALUES(645,'Thursday','12:30:00','13:30:00',89,'primary',4);
INSERT INTO workshops_block VALUES(646,'Thursday','13:50:00','14:40:00',89,'primary',5);
INSERT INTO workshops_block VALUES(647,'Friday','07:40:00','08:40:00',89,'primary',1);
INSERT INTO workshops_block VALUES(648,'Friday','09:10:00','10:20:00',89,'primary',2);
INSERT INTO workshops_block VALUES(649,'Friday','10:40:00','11:50:00',89,'primary',3);
INSERT INTO workshops_block VALUES(650,'Friday','12:20:00','13:20:00',89,'primary',4);
INSERT INTO workshops_block VALUES(651,'Monday','07:40:00','09:10:00',90,'high_school',1);
INSERT INTO workshops_block VALUES(652,'Monday','09:40:00','11:00:00',90,'high_school',2);
INSERT INTO workshops_block VALUES(653,'Monday','11:20:00','12:40:00',90,'high_school',3);
INSERT INTO workshops_block VALUES(654,'Monday','13:20:00','14:40:00',90,'high_school',4);
INSERT INTO workshops_block VALUES(655,'Tuesday','07:40:00','09:10:00',90,'high_school',1);
INSERT INTO workshops_block VALUES(656,'Tuesday','09:40:00','11:00:00',90,'high_school',2);
INSERT INTO workshops_block VALUES(657,'Tuesday','11:20:00','12:40:00',90,'high_school',3);
INSERT INTO workshops_block VALUES(658,'Tuesday','13:20:00','14:40:00',90,'high_school',4);
INSERT INTO workshops_block VALUES(659,'Wednesday','07:40:00','09:10:00',90,'high_school',1);
INSERT INTO workshops_block VALUES(660,'Wednesday','09:40:00','11:00:00',90,'high_school',2);
INSERT INTO workshops_block VALUES(661,'Wednesday','11:20:00','12:40:00',90,'high_school',3);
INSERT INTO workshops_block VALUES(662,'Wednesday','13:20:00','14:40:00',90,'high_school',4);
INSERT INTO workshops_block VALUES(663,'Thursday','07:40:00','09:10:00',90,'high_school',1);
INSERT INTO workshops_block VALUES(664,'Thursday','09:40:00','11:00:00',90,'high_school',2);
INSERT INTO workshops_block VALUES(665,'Thursday','11:20:00','12:40:00',90,'high_school',3);
INSERT INTO workshops_block VALUES(666,'Thursday','13:20:00','14:40:00',90,'high_school',4);
INSERT INTO workshops_block VALUES(667,'Friday','07:40:00','09:10:00',90,'high_school',1);
INSERT INTO workshops_block VALUES(668,'Friday','09:50:00','11:20:00',90,'high_school',2);
INSERT INTO workshops_block VALUES(669,'Friday','11:50:00','13:20:00',90,'high_school',3);
INSERT INTO workshops_block VALUES(670,'Monday','07:40:00','08:40:00',90,'primary',1);
INSERT INTO workshops_block VALUES(671,'Monday','09:10:00','10:20:00',90,'primary',2);
INSERT INTO workshops_block VALUES(672,'Monday','10:40:00','11:50:00',90,'primary',3);
INSERT INTO workshops_block VALUES(673,'Monday','12:30:00','13:30:00',90,'primary',4);
INSERT INTO workshops_block VALUES(674,'Monday','13:50:00','14:40:00',90,'primary',5);
INSERT INTO workshops_block VALUES(675,'Tuesday','07:40:00','08:40:00',90,'primary',1);
INSERT INTO workshops_block VALUES(676,'Tuesday','09:10:00','10:20:00',90,'primary',2);
INSERT INTO workshops_block VALUES(677,'Tuesday','10:40:00','11:50:00',90,'primary',3);
INSERT INTO workshops_block VALUES(678,'Tuesday','12:30:00','13:30:00',90,'primary',4);
INSERT INTO workshops_block VALUES(679,'Tuesday','13:50:00','14:40:00',90,'primary',5);
INSERT INTO workshops_block VALUES(680,'Wednesday','07:40:00','08:40:00',90,'primary',1);
INSERT INTO workshops_block VALUES(681,'Wednesday','09:10:00','10:20:00',90,'primary',2);
INSERT INTO workshops_block VALUES(682,'Wednesday','10:40:00','11:50:00',90,'primary',3);
INSERT INTO workshops_block VALUES(683,'Wednesday','12:30:00','13:30:00',90,'primary',4);
INSERT INTO workshops_block VALUES(684,'Wednesday','13:50:00','14:40:00',90,'primary',5);
INSERT INTO workshops_block VALUES(685,'Thursday','07:40:00','08:40:00',90,'primary',1);
INSERT INTO workshops_block VALUES(686,'Thursday','09:10:00','10:20:00',90,'primary',2);
INSERT INTO workshops_block VALUES(687,'Thursday','10:40:00','11:50:00',90,'primary',3);
INSERT INTO workshops_block VALUES(688,'Thursday','12:30:00','13:30:00',90,'primary',4);
INSERT INTO workshops_block VALUES(689,'Thursday','13:50:00','14:40:00',90,'primary',5);
INSERT INTO workshops_block VALUES(690,'Friday','07:40:00','08:40:00',90,'primary',1);
INSERT INTO workshops_block VALUES(691,'Friday','09:10:00','10:20:00',90,'primary',2);
INSERT INTO workshops_block VALUES(692,'Friday','10:40:00','11:50:00',90,'primary',3);
INSERT INTO workshops_block VALUES(693,'Friday','12:20:00','13:20:00',90,'primary',4);
INSERT INTO workshops_block VALUES(694,'Monday','07:40:00','09:10:00',91,'high_school',1);
INSERT INTO workshops_block VALUES(695,'Monday','09:40:00','11:00:00',91,'high_school',2);
INSERT INTO workshops_block VALUES(696,'Monday','11:20:00','12:40:00',91,'high_school',3);
INSERT INTO workshops_block VALUES(697,'Monday','13:20:00','14:40:00',91,'high_school',4);
INSERT INTO workshops_block VALUES(698,'Tuesday','07:40:00','09:10:00',91,'high_school',1);
INSERT INTO workshops_block VALUES(699,'Tuesday','09:40:00','11:00:00',91,'high_school',2);
INSERT INTO workshops_block VALUES(700,'Tuesday','11:20:00','12:40:00',91,'high_school',3);
INSERT INTO workshops_block VALUES(701,'Tuesday','13:20:00','14:40:00',91,'high_school',4);
INSERT INTO workshops_block VALUES(702,'Wednesday','07:40:00','09:10:00',91,'high_school',1);
INSERT INTO workshops_block VALUES(703,'Wednesday','09:40:00','11:00:00',91,'high_school',2);
INSERT INTO workshops_block VALUES(704,'Wednesday','11:20:00','12:40:00',91,'high_school',3);
INSERT INTO workshops_block VALUES(705,'Wednesday','13:20:00','14:40:00',91,'high_school',4);
INSERT INTO workshops_block VALUES(706,'Thursday','07:40:00','09:10:00',91,'high_school',1);
INSERT INTO workshops_block VALUES(707,'Thursday','09:40:00','11:00:00',91,'high_school',2);
INSERT INTO workshops_block VALUES(708,'Thursday','11:20:00','12:40:00',91,'high_school',3);
INSERT INTO workshops_block VALUES(709,'Thursday','13:20:00','14:40:00',91,'high_school',4);
INSERT INTO workshops_block VALUES(710,'Friday','07:40:00','09:10:00',91,'high_school',1);
INSERT INTO workshops_block VALUES(711,'Friday','09:50:00','11:20:00',91,'high_school',2);
INSERT INTO workshops_block VALUES(712,'Friday','11:50:00','13:20:00',91,'high_school',3);
INSERT INTO workshops_block VALUES(713,'Monday','07:40:00','08:40:00',91,'primary',1);
INSERT INTO workshops_block VALUES(714,'Monday','09:10:00','10:20:00',91,'primary',2);
INSERT INTO workshops_block VALUES(715,'Monday','10:40:00','11:50:00',91,'primary',3);
INSERT INTO workshops_block VALUES(716,'Monday','12:30:00','13:30:00',91,'primary',4);
INSERT INTO workshops_block VALUES(717,'Monday','13:50:00','14:40:00',91,'primary',5);
INSERT INTO workshops_block VALUES(718,'Tuesday','07:40:00','08:40:00',91,'primary',1);
INSERT INTO workshops_block VALUES(719,'Tuesday','09:10:00','10:20:00',91,'primary',2);
INSERT INTO workshops_block VALUES(720,'Tuesday','10:40:00','11:50:00',91,'primary',3);
INSERT INTO workshops_block VALUES(721,'Tuesday','12:30:00','13:30:00',91,'primary',4);
INSERT INTO workshops_block VALUES(722,'Tuesday','13:50:00','14:40:00',91,'primary',5);
INSERT INTO workshops_block VALUES(723,'Wednesday','07:40:00','08:40:00',91,'primary',1);
INSERT INTO workshops_block VALUES(724,'Wednesday','09:10:00','10:20:00',91,'primary',2);
INSERT INTO workshops_block VALUES(725,'Wednesday','10:40:00','11:50:00',91,'primary',3);
INSERT INTO workshops_block VALUES(726,'Wednesday','12:30:00','13:30:00',91,'primary',4);
INSERT INTO workshops_block VALUES(727,'Wednesday','13:50:00','14:40:00',91,'primary',5);
INSERT INTO workshops_block VALUES(728,'Thursday','07:40:00','08:40:00',91,'primary',1);
INSERT INTO workshops_block VALUES(729,'Thursday','09:10:00','10:20:00',91,'primary',2);
INSERT INTO workshops_block VALUES(730,'Thursday','10:40:00','11:50:00',91,'primary',3);
INSERT INTO workshops_block VALUES(731,'Thursday','12:30:00','13:30:00',91,'primary',4);
INSERT INTO workshops_block VALUES(732,'Thursday','13:50:00','14:40:00',91,'primary',5);
INSERT INTO workshops_block VALUES(733,'Friday','07:40:00','08:40:00',91,'primary',1);
INSERT INTO workshops_block VALUES(734,'Friday','09:10:00','10:20:00',91,'primary',2);
INSERT INTO workshops_block VALUES(735,'Friday','10:40:00','11:50:00',91,'primary',3);
INSERT INTO workshops_block VALUES(736,'Friday','12:20:00','13:20:00',91,'primary',4);
INSERT INTO workshops_block VALUES(737,'Monday','07:40:00','09:10:00',92,'high_school',1);
INSERT INTO workshops_block VALUES(738,'Monday','09:40:00','11:00:00',92,'high_school',2);
INSERT INTO workshops_block VALUES(739,'Monday','11:20:00','12:40:00',92,'high_school',3);
INSERT INTO workshops_block VALUES(740,'Monday','13:20:00','14:40:00',92,'high_school',4);
INSERT INTO workshops_block VALUES(741,'Tuesday','07:40:00','09:10:00',92,'high_school',1);
INSERT INTO workshops_block VALUES(742,'Tuesday','09:40:00','11:00:00',92,'high_school',2);
INSERT INTO workshops_block VALUES(743,'Tuesday','11:20:00','12:40:00',92,'high_school',3);
INSERT INTO workshops_block VALUES(744,'Tuesday','13:20:00','14:40:00',92,'high_school',4);
INSERT INTO workshops_block VALUES(745,'Wednesday','07:40:00','09:10:00',92,'high_school',1);
INSERT INTO workshops_block VALUES(746,'Wednesday','09:40:00','11:00:00',92,'high_school',2);
INSERT INTO workshops_block VALUES(747,'Wednesday','11:20:00','12:40:00',92,'high_school',3);
INSERT INTO workshops_block VALUES(748,'Wednesday','13:20:00','14:40:00',92,'high_school',4);
INSERT INTO workshops_block VALUES(749,'Thursday','07:40:00','09:10:00',92,'high_school',1);
INSERT INTO workshops_block VALUES(750,'Thursday','09:40:00','11:00:00',92,'high_school',2);
INSERT INTO workshops_block VALUES(751,'Thursday','11:20:00','12:40:00',92,'high_school',3);
INSERT INTO workshops_block VALUES(752,'Thursday','13:20:00','14:40:00',92,'high_school',4);
INSERT INTO workshops_block VALUES(753,'Friday','07:40:00','09:10:00',92,'high_school',1);
INSERT INTO workshops_block VALUES(754,'Friday','09:50:00','11:20:00',92,'high_school',2);
INSERT INTO workshops_block VALUES(755,'Friday','11:50:00','13:20:00',92,'high_school',3);
CREATE TABLE IF NOT EXISTS "students_student" ("student_id" integer NOT NULL PRIMARY KEY AUTOINCREMENT, "name" varchar(100) NOT NULL, "lastname" varchar(100) NOT NULL, "id_number" integer NOT NULL UNIQUE, "autonomy_level" integer NOT NULL, "extended_vacation" bool NOT NULL, "grade" integer NOT NULL, "workshop_id" integer NULL REFERENCES "workshops_workshop" ("workshop_id") DEFERRABLE INITIALLY DEFERRED, "status" varchar(10) NOT NULL);
INSERT INTO students_student VALUES(1,'Pedro','Saldarriaga Fontan',1001001010011,3,1,1,92,'present');
INSERT INTO students_student VALUES(2,'Nicolas','Hurtado',10004345650,1,0,4,NULL,'absent');
INSERT INTO students_student VALUES(3,'Jacobo','Restrepo',109945767,1,0,6,80,'present');
INSERT INTO students_student VALUES(4,'Isabela','Giraldo',696969696969,3,0,1,64,'absent');
INSERT INTO students_student VALUES(6,'Victor Hugo','Hurtado',21424,2,0,1,64,'absent');
INSERT INTO students_student VALUES(7,'Valentina','Perez',100101010010,1,0,1,81,'present');
INSERT INTO students_student VALUES(8,'Daniel','Correa',50493827,1,0,4,67,'neutral');
INSERT INTO students_student VALUES(9,'Jaime','Ortiz',13131313,3,0,10,84,'neutral');
INSERT INTO students_student VALUES(10,'Alejandro','Rios',10007402730,2,0,5,80,'neutral');
CREATE TABLE IF NOT EXISTS "django_celery_beat_intervalschedule" ("id" integer NOT NULL PRIMARY KEY AUTOINCREMENT, "every" integer NOT NULL, "period" varchar(24) NOT NULL);
INSERT INTO django_celery_beat_intervalschedule VALUES(1,1,'days');
CREATE TABLE IF NOT EXISTS "django_celery_beat_periodictasks" ("ident" smallint NOT NULL PRIMARY KEY, "last_update" datetime NOT NULL);
INSERT INTO django_celery_beat_periodictasks VALUES(1,'2024-12-23 21:32:59.072901');
CREATE TABLE IF NOT EXISTS "django_celery_beat_solarschedule" ("id" integer NOT NULL PRIMARY KEY AUTOINCREMENT, "event" varchar(24) NOT NULL, "latitude" decimal NOT NULL, "longitude" decimal NOT NULL);
CREATE TABLE IF NOT EXISTS "django_celery_beat_periodictask" ("id" integer NOT NULL PRIMARY KEY AUTOINCREMENT, "name" varchar(200) NOT NULL UNIQUE, "task" varchar(200) NOT NULL, "args" text NOT NULL, "kwargs" text NOT NULL, "queue" varchar(200) NULL, "exchange" varchar(200) NULL, "routing_key" varchar(200) NULL, "expires" datetime NULL, "enabled" bool NOT NULL, "last_run_at" datetime NULL, "total_run_count" integer unsigned NOT NULL CHECK ("total_run_count" >= 0), "date_changed" datetime NOT NULL, "description" text NOT NULL, "crontab_id" integer NULL REFERENCES "django_celery_beat_crontabschedule" ("id") DEFERRABLE INITIALLY DEFERRED, "interval_id" integer NULL REFERENCES "django_celery_beat_intervalschedule" ("id") DEFERRABLE INITIALLY DEFERRED, "solar_id" integer NULL REFERENCES "django_celery_beat_solarschedule" ("id") DEFERRABLE INITIALLY DEFERRED, "one_off" bool NOT NULL, "start_time" datetime NULL, "priority" integer unsigned NULL CHECK ("priority" >= 0), "headers" text NOT NULL, "clocked_id" integer NULL REFERENCES "django_celery_beat_clockedschedule" ("id") DEFERRABLE INITIALLY DEFERRED, "expire_seconds" integer unsigned NULL CHECK ("expire_seconds" >= 0));
INSERT INTO django_celery_beat_periodictask VALUES(1,'Reset student status daily','students.tasks.reset_student_status','[]','{}',NULL,NULL,NULL,NULL,1,NULL,0,'2024-12-23 21:32:59.067900','',NULL,1,NULL,0,NULL,NULL,'{}',NULL,NULL);
CREATE TABLE IF NOT EXISTS "django_celery_beat_clockedschedule" ("id" integer NOT NULL PRIMARY KEY AUTOINCREMENT, "clocked_time" datetime NOT NULL);
CREATE TABLE IF NOT EXISTS "django_celery_beat_crontabschedule" ("id" integer NOT NULL PRIMARY KEY AUTOINCREMENT, "minute" varchar(240) NOT NULL, "hour" varchar(96) NOT NULL, "day_of_week" varchar(64) NOT NULL, "day_of_month" varchar(124) NOT NULL, "month_of_year" varchar(64) NOT NULL, "timezone" varchar(63) NOT NULL);
DELETE FROM sqlite_sequence;
INSERT INTO sqlite_sequence VALUES('django_migrations',52);
INSERT INTO sqlite_sequence VALUES('django_admin_log',122);
INSERT INTO sqlite_sequence VALUES('django_content_type',18);
INSERT INTO sqlite_sequence VALUES('auth_permission',72);
INSERT INTO sqlite_sequence VALUES('auth_group',0);
INSERT INTO sqlite_sequence VALUES('auth_user',12);
INSERT INTO sqlite_sequence VALUES('schedules_schedule',144);
INSERT INTO sqlite_sequence VALUES('tutors_tutor',7);
INSERT INTO sqlite_sequence VALUES('tutors_scheduletutor',0);
INSERT INTO sqlite_sequence VALUES('workshops_workshop',93);
INSERT INTO sqlite_sequence VALUES('workshops_block_students',144);
INSERT INTO sqlite_sequence VALUES('workshops_block',798);
INSERT INTO sqlite_sequence VALUES('students_student',10);
INSERT INTO sqlite_sequence VALUES('django_celery_beat_periodictask',1);
INSERT INTO sqlite_sequence VALUES('django_celery_beat_crontabschedule',0);
INSERT INTO sqlite_sequence VALUES('django_celery_beat_intervalschedule',1);
CREATE UNIQUE INDEX "auth_group_permissions_group_id_permission_id_0cd325b0_uniq" ON "auth_group_permissions" ("group_id", "permission_id");
CREATE INDEX "auth_group_permissions_group_id_b120cbf9" ON "auth_group_permissions" ("group_id");
CREATE INDEX "auth_group_permissions_permission_id_84c5c92e" ON "auth_group_permissions" ("permission_id");
CREATE UNIQUE INDEX "auth_user_groups_user_id_group_id_94350c0c_uniq" ON "auth_user_groups" ("user_id", "group_id");
CREATE INDEX "auth_user_groups_user_id_6a12ed8b" ON "auth_user_groups" ("user_id");
CREATE INDEX "auth_user_groups_group_id_97559544" ON "auth_user_groups" ("group_id");
CREATE UNIQUE INDEX "auth_user_user_permissions_user_id_permission_id_14a6b632_uniq" ON "auth_user_user_permissions" ("user_id", "permission_id");
CREATE INDEX "auth_user_user_permissions_user_id_a95ead1b" ON "auth_user_user_permissions" ("user_id");
CREATE INDEX "auth_user_user_permissions_permission_id_1fbb5f2c" ON "auth_user_user_permissions" ("permission_id");
CREATE INDEX "django_admin_log_content_type_id_c4bce8eb" ON "django_admin_log" ("content_type_id");
CREATE INDEX "django_admin_log_user_id_c564eba6" ON "django_admin_log" ("user_id");
CREATE UNIQUE INDEX "django_content_type_app_label_model_76bd3d3b_uniq" ON "django_content_type" ("app_label", "model");
CREATE UNIQUE INDEX "auth_permission_content_type_id_codename_01ab375a_uniq" ON "auth_permission" ("content_type_id", "codename");
CREATE INDEX "auth_permission_content_type_id_2f476e4b" ON "auth_permission" ("content_type_id");
CREATE INDEX "django_session_expire_date_a5c62663" ON "django_session" ("expire_date");
CREATE INDEX "workshops_workshop_tutor_id_fd5ede7f" ON "workshops_workshop" ("tutor_id");
CREATE UNIQUE INDEX "workshops_block_students_block_id_student_id_be11ef88_uniq" ON "workshops_block_students" ("block_id", "student_id");
CREATE INDEX "workshops_block_students_block_id_0db5edad" ON "workshops_block_students" ("block_id");
CREATE INDEX "workshops_block_students_student_id_b1d43ffb" ON "workshops_block_students" ("student_id");
CREATE INDEX "schedules_schedule_block_id_b7439c1e" ON "schedules_schedule" ("block_id");
CREATE INDEX "schedules_schedule_student_id_392146cd" ON "schedules_schedule" ("student_id");
CREATE INDEX "tutors_tutor_student_id_357f7aa8" ON "tutors_tutor" ("student_id");
CREATE INDEX "tutors_scheduletutor_block_id_ee560756" ON "tutors_scheduletutor" ("block_id");
CREATE INDEX "tutors_scheduletutor_tutor_id_a48ec299" ON "tutors_scheduletutor" ("tutor_id");
CREATE INDEX "workshops_block_workshop_id_4ace89b5" ON "workshops_block" ("workshop_id");
CREATE INDEX "students_student_workshop_id_ef1900d3" ON "students_student" ("workshop_id");
CREATE UNIQUE INDEX "django_celery_beat_solarschedule_event_latitude_longitude_ba64999a_uniq" ON "django_celery_beat_solarschedule" ("event", "latitude", "longitude");
CREATE INDEX "django_celery_beat_periodictask_crontab_id_d3cba168" ON "django_celery_beat_periodictask" ("crontab_id");
CREATE INDEX "django_celery_beat_periodictask_interval_id_a8ca27da" ON "django_celery_beat_periodictask" ("interval_id");
CREATE INDEX "django_celery_beat_periodictask_solar_id_a87ce72c" ON "django_celery_beat_periodictask" ("solar_id");
CREATE INDEX "django_celery_beat_periodictask_clocked_id_47a69f82" ON "django_celery_beat_periodictask" ("clocked_id");
COMMIT;
